package,version,license,dependency_type,install_paths,license_sources,text_file
@babel/generator,8.0.0,MIT,production,node_modules/vue-router/node_modules/@babel/generator,LICENSE,packages/@babel__generator@8.0.0.txt
@babel/helper-string-parser,7.29.7,MIT,production,node_modules/@babel/helper-string-parser,LICENSE,packages/@babel__helper-string-parser@7.29.7.txt
@babel/helper-string-parser,8.0.0,MIT,production,node_modules/vue-router/node_modules/@babel/helper-string-parser,LICENSE,packages/@babel__helper-string-parser@8.0.0.txt
@babel/helper-validator-identifier,7.29.7,MIT,production,node_modules/@babel/helper-validator-identifier,LICENSE,packages/@babel__helper-validator-identifier@7.29.7.txt
@babel/helper-validator-identifier,8.0.4,MIT,production,node_modules/vue-router/node_modules/@babel/helper-validator-identifier,LICENSE,packages/@babel__helper-validator-identifier@8.0.4.txt
@babel/parser,7.29.8,MIT,production,node_modules/@babel/parser,LICENSE,packages/@babel__parser@7.29.8.txt
@babel/parser,8.0.4,MIT,production,node_modules/vue-router/node_modules/@babel/parser,LICENSE,packages/@babel__parser@8.0.4.txt
@babel/types,7.29.8,MIT,production,node_modules/@babel/types,LICENSE,packages/@babel__types@7.29.8.txt
@babel/types,8.0.4,MIT,production,node_modules/vue-router/node_modules/@babel/types,LICENSE,packages/@babel__types@8.0.4.txt
@eslint-community/eslint-utils,4.10.1,MIT,development,node_modules/@eslint-community/eslint-utils,LICENSE,packages/@eslint-community__eslint-utils@4.10.1.txt
@eslint-community/regexpp,4.12.2,MIT,development,node_modules/@eslint-community/regexpp,LICENSE,packages/@eslint-community__regexpp@4.12.2.txt
@eslint/config-array,0.23.5,Apache-2.0,development,node_modules/@eslint/config-array,LICENSE,packages/@eslint__config-array@0.23.5.txt
@eslint/config-helpers,0.7.0,Apache-2.0,development,node_modules/@eslint/config-helpers,LICENSE,packages/@eslint__config-helpers@0.7.0.txt
@eslint/core,1.2.1,Apache-2.0,development,node_modules/@eslint/core,LICENSE,packages/@eslint__core@1.2.1.txt
@eslint/js,10.0.1,MIT,development,node_modules/@eslint/js,LICENSE,packages/@eslint__js@10.0.1.txt
@eslint/object-schema,3.0.5,Apache-2.0,development,node_modules/@eslint/object-schema,LICENSE,packages/@eslint__object-schema@3.0.5.txt
@eslint/plugin-kit,0.7.2,Apache-2.0,development,node_modules/@eslint/plugin-kit,LICENSE,packages/@eslint__plugin-kit@0.7.2.txt
@humanfs/core,0.19.2,Apache-2.0,development,node_modules/@humanfs/core,LICENSE,packages/@humanfs__core@0.19.2.txt
@humanfs/node,0.16.8,Apache-2.0,development,node_modules/@humanfs/node,LICENSE,packages/@humanfs__node@0.16.8.txt
@humanfs/types,0.15.0,Apache-2.0,development,node_modules/@humanfs/types,No bundled license text found,packages/@humanfs__types@0.15.0.txt
@humanwhocodes/module-importer,1.0.1,Apache-2.0,development,node_modules/@humanwhocodes/module-importer,LICENSE,packages/@humanwhocodes__module-importer@1.0.1.txt
@humanwhocodes/retry,0.4.3,Apache-2.0,development,node_modules/@humanwhocodes/retry,LICENSE,packages/@humanwhocodes__retry@0.4.3.txt
@isaacs/cliui,8.0.2,ISC,development,node_modules/@isaacs/cliui,LICENSE.txt,packages/@isaacs__cliui@8.0.2.txt
@jridgewell/gen-mapping,0.3.13,MIT,production,node_modules/@jridgewell/gen-mapping,LICENSE,packages/@jridgewell__gen-mapping@0.3.13.txt
@jridgewell/remapping,2.3.5,MIT,production,node_modules/@jridgewell/remapping,LICENSE,packages/@jridgewell__remapping@2.3.5.txt
@jridgewell/resolve-uri,3.1.2,MIT,production,node_modules/@jridgewell/resolve-uri,LICENSE,packages/@jridgewell__resolve-uri@3.1.2.txt
@jridgewell/sourcemap-codec,1.5.5,MIT,production,node_modules/@jridgewell/sourcemap-codec,LICENSE,packages/@jridgewell__sourcemap-codec@1.5.5.txt
@jridgewell/trace-mapping,0.3.31,MIT,production,node_modules/@jridgewell/trace-mapping,LICENSE,packages/@jridgewell__trace-mapping@0.3.31.txt
@jsdoc/salty,0.2.12,Apache-2.0,development,node_modules/@jsdoc/salty,LICENSE,packages/@jsdoc__salty@0.2.12.txt
@kurkle/color,0.3.4,MIT,production,node_modules/@kurkle/color,LICENSE.md,packages/@kurkle__color@0.3.4.txt
@mdi/js,7.4.47,Apache-2.0,production,node_modules/@mdi/js,LICENSE,packages/@mdi__js@7.4.47.txt
@one-ini/wasm,0.1.1,MIT,development,node_modules/@one-ini/wasm,LICENSE,packages/@one-ini__wasm@0.1.1.txt
@oxc-project/types,0.144.0,MIT,production,node_modules/@oxc-project/types,LICENSE,packages/@oxc-project__types@0.144.0.txt
@pkgjs/parseargs,0.11.0,MIT,development,node_modules/@pkgjs/parseargs,LICENSE,packages/@pkgjs__parseargs@0.11.0.txt
@playwright/test,1.62.1,Apache-2.0,development,node_modules/@playwright/test,LICENSE; NOTICE,packages/@playwright__test@1.62.1.txt
@rolldown/binding-linux-x64-gnu,1.2.4,MIT,production,node_modules/@rolldown/binding-linux-x64-gnu,No bundled license text found,packages/@rolldown__binding-linux-x64-gnu@1.2.4.txt
@rolldown/pluginutils,1.0.1,MIT,production,node_modules/@rolldown/pluginutils,LICENSE,packages/@rolldown__pluginutils@1.0.1.txt
@socket.io/component-emitter,3.1.2,MIT,production,node_modules/@socket.io/component-emitter,LICENSE,packages/@socket.io__component-emitter@3.1.2.txt
@standard-schema/spec,1.1.0,MIT,development,node_modules/@standard-schema/spec,LICENSE,packages/@standard-schema__spec@1.1.0.txt
@types/chai,5.2.3,MIT,development,node_modules/@types/chai,LICENSE,packages/@types__chai@5.2.3.txt
@types/deep-eql,4.0.2,MIT,development,node_modules/@types/deep-eql,LICENSE,packages/@types__deep-eql@4.0.2.txt
@types/esrecurse,4.3.1,MIT,development,node_modules/@types/esrecurse,LICENSE,packages/@types__esrecurse@4.3.1.txt
@types/estree,1.0.9,MIT,development,node_modules/@types/estree,LICENSE,packages/@types__estree@1.0.9.txt
@types/file-saver,2.0.7,MIT,development,node_modules/@types/file-saver,LICENSE,packages/@types__file-saver@2.0.7.txt
@types/jsesc,2.5.1,MIT,production,node_modules/@types/jsesc,LICENSE,packages/@types__jsesc@2.5.1.txt
@types/json-schema,7.0.15,MIT,development,node_modules/@types/json-schema,LICENSE,packages/@types__json-schema@7.0.15.txt
@types/linkify-it,5.0.0,MIT,development,node_modules/@types/linkify-it,LICENSE,packages/@types__linkify-it@5.0.0.txt
@types/markdown-it,14.1.2,MIT,development,node_modules/@types/markdown-it,LICENSE,packages/@types__markdown-it@14.1.2.txt
@types/mdurl,2.0.0,MIT,development,node_modules/@types/mdurl,LICENSE,packages/@types__mdurl@2.0.0.txt
@types/node,26.2.0,MIT,production,node_modules/@types/node,LICENSE,packages/@types__node@26.2.0.txt
@types/validator,13.15.10,MIT,development,node_modules/@types/validator,LICENSE,packages/@types__validator@13.15.10.txt
@types/web-bluetooth,0.0.21,MIT,production,node_modules/@types/web-bluetooth,LICENSE,packages/@types__web-bluetooth@0.0.21.txt
@types/whatwg-mimetype,3.0.2,MIT,development,node_modules/@types/whatwg-mimetype,LICENSE,packages/@types__whatwg-mimetype@3.0.2.txt
@types/ws,8.18.1,MIT,development,node_modules/@types/ws,LICENSE,packages/@types__ws@8.18.1.txt
@typescript-eslint/eslint-plugin,8.67.0,MIT,development,node_modules/@typescript-eslint/eslint-plugin,LICENSE,packages/@typescript-eslint__eslint-plugin@8.67.0.txt
@typescript-eslint/parser,8.67.0,MIT,development,node_modules/@typescript-eslint/parser,LICENSE,packages/@typescript-eslint__parser@8.67.0.txt
@typescript-eslint/project-service,8.67.0,MIT,development,node_modules/@typescript-eslint/project-service,LICENSE,packages/@typescript-eslint__project-service@8.67.0.txt
@typescript-eslint/scope-manager,8.67.0,MIT,development,node_modules/@typescript-eslint/scope-manager,LICENSE,packages/@typescript-eslint__scope-manager@8.67.0.txt
@typescript-eslint/tsconfig-utils,8.67.0,MIT,development,node_modules/@typescript-eslint/tsconfig-utils,LICENSE,packages/@typescript-eslint__tsconfig-utils@8.67.0.txt
@typescript-eslint/type-utils,8.67.0,MIT,development,node_modules/@typescript-eslint/type-utils,LICENSE,packages/@typescript-eslint__type-utils@8.67.0.txt
@typescript-eslint/types,8.67.0,MIT,development,node_modules/@typescript-eslint/types,LICENSE,packages/@typescript-eslint__types@8.67.0.txt
@typescript-eslint/typescript-estree,8.67.0,MIT,development,node_modules/@typescript-eslint/typescript-estree,LICENSE,packages/@typescript-eslint__typescript-estree@8.67.0.txt
@typescript-eslint/utils,8.67.0,MIT,development,node_modules/@typescript-eslint/utils,LICENSE,packages/@typescript-eslint__utils@8.67.0.txt
@typescript-eslint/visitor-keys,8.67.0,MIT,development,node_modules/@typescript-eslint/visitor-keys,LICENSE,packages/@typescript-eslint__visitor-keys@8.67.0.txt
@vitejs/plugin-vue,6.0.8,MIT,development,node_modules/@vitejs/plugin-vue,LICENSE,packages/@vitejs__plugin-vue@6.0.8.txt
@vitest/expect,4.1.10,MIT,development,node_modules/@vitest/expect,LICENSE,packages/@vitest__expect@4.1.10.txt
@vitest/mocker,4.1.10,MIT,development,node_modules/@vitest/mocker,LICENSE,packages/@vitest__mocker@4.1.10.txt
@vitest/pretty-format,4.1.10,MIT,development,node_modules/@vitest/pretty-format,LICENSE,packages/@vitest__pretty-format@4.1.10.txt
@vitest/runner,4.1.10,MIT,development,node_modules/@vitest/runner,LICENSE,packages/@vitest__runner@4.1.10.txt
@vitest/snapshot,4.1.10,MIT,development,node_modules/@vitest/snapshot,LICENSE,packages/@vitest__snapshot@4.1.10.txt
@vitest/spy,4.1.10,MIT,development,node_modules/@vitest/spy,LICENSE,packages/@vitest__spy@4.1.10.txt
@vitest/utils,4.1.10,MIT,development,node_modules/@vitest/utils,LICENSE,packages/@vitest__utils@4.1.10.txt
@volar/language-core,2.4.28,MIT,development,node_modules/@volar/language-core,LICENSE,packages/@volar__language-core@2.4.28.txt
@volar/source-map,2.4.28,MIT,development,node_modules/@volar/source-map,LICENSE,packages/@volar__source-map@2.4.28.txt
@volar/typescript,2.4.28,MIT,development,node_modules/@volar/typescript,LICENSE,packages/@volar__typescript@2.4.28.txt
@vue-macros/common,3.1.4,MIT,production,node_modules/@vue-macros/common,LICENSE,packages/@vue-macros__common@3.1.4.txt
@vue/compiler-core,3.5.41,MIT,production,node_modules/@vue/compiler-core,LICENSE,packages/@vue__compiler-core@3.5.41.txt
@vue/compiler-dom,3.5.41,MIT,production,node_modules/@vue/compiler-dom,LICENSE,packages/@vue__compiler-dom@3.5.41.txt
@vue/compiler-sfc,3.5.41,MIT,production,node_modules/@vue/compiler-sfc,LICENSE,packages/@vue__compiler-sfc@3.5.41.txt
@vue/compiler-ssr,3.5.41,MIT,production,node_modules/@vue/compiler-ssr,LICENSE,packages/@vue__compiler-ssr@3.5.41.txt
@vue/devtools-api,7.7.10,MIT,production,node_modules/vee-validate/node_modules/@vue/devtools-api,LICENSE,packages/@vue__devtools-api@7.7.10.txt
@vue/devtools-api,8.2.1,MIT,production,node_modules/@vue/devtools-api,LICENSE,packages/@vue__devtools-api@8.2.1.txt
@vue/devtools-kit,7.7.10,MIT,production,node_modules/vee-validate/node_modules/@vue/devtools-kit,LICENSE,packages/@vue__devtools-kit@7.7.10.txt
@vue/devtools-kit,8.2.1,MIT,production,node_modules/@vue/devtools-kit,LICENSE,packages/@vue__devtools-kit@8.2.1.txt
@vue/devtools-shared,7.7.10,MIT,production,node_modules/vee-validate/node_modules/@vue/devtools-shared,LICENSE,packages/@vue__devtools-shared@7.7.10.txt
@vue/devtools-shared,8.2.1,MIT,production,node_modules/@vue/devtools-shared,LICENSE,packages/@vue__devtools-shared@8.2.1.txt
@vue/language-core,3.3.10,MIT,development,node_modules/@vue/language-core,LICENSE,packages/@vue__language-core@3.3.10.txt
@vue/reactivity,3.5.41,MIT,production,node_modules/@vue/reactivity,LICENSE,packages/@vue__reactivity@3.5.41.txt
@vue/runtime-core,3.5.41,MIT,production,node_modules/@vue/runtime-core,LICENSE,packages/@vue__runtime-core@3.5.41.txt
@vue/runtime-dom,3.5.41,MIT,production,node_modules/@vue/runtime-dom,LICENSE,packages/@vue__runtime-dom@3.5.41.txt
@vue/server-renderer,3.5.41,MIT,production,node_modules/@vue/server-renderer,LICENSE,packages/@vue__server-renderer@3.5.41.txt
@vue/shared,3.5.41,MIT,production,node_modules/@vue/shared,LICENSE,packages/@vue__shared@3.5.41.txt
@vue/test-utils,2.4.11,MIT,development,node_modules/@vue/test-utils,LICENSE,packages/@vue__test-utils@2.4.11.txt
@vue/tsconfig,0.9.1,MIT,development,node_modules/@vue/tsconfig,LICENSE,packages/@vue__tsconfig@0.9.1.txt
@vuetify/loader-shared,2.1.2,MIT,production,node_modules/@vuetify/loader-shared,LICENSE.md,packages/@vuetify__loader-shared@2.1.2.txt
@vueuse/core,14.4.0,MIT,production,node_modules/@vueuse/core,LICENSE,packages/@vueuse__core@14.4.0.txt
@vueuse/metadata,14.4.0,MIT,production,node_modules/@vueuse/metadata,LICENSE,packages/@vueuse__metadata@14.4.0.txt
@vueuse/shared,14.4.0,MIT,production,node_modules/@vueuse/shared,LICENSE,packages/@vueuse__shared@14.4.0.txt
abbrev,2.0.0,ISC,development,node_modules/abbrev,LICENSE,packages/abbrev@2.0.0.txt
acorn-jsx,5.3.2,MIT,development,node_modules/acorn-jsx,LICENSE,packages/acorn-jsx@5.3.2.txt
acorn,8.18.0,MIT,production,node_modules/acorn,LICENSE,packages/acorn@8.18.0.txt
agent-base,6.0.2,MIT,production,node_modules/agent-base,No bundled license text found,packages/agent-base@6.0.2.txt
ajv,6.15.0,MIT,development,node_modules/ajv,LICENSE,packages/ajv@6.15.0.txt
alien-signals,3.2.1,MIT,development,node_modules/alien-signals,LICENSE,packages/alien-signals@3.2.1.txt
ansi-regex,5.0.1,MIT,development,node_modules/string-width-cjs/node_modules/ansi-regex; node_modules/strip-ansi-cjs/node_modules/ansi-regex; node_modules/wrap-ansi-cjs/node_modules/ansi-regex,license,packages/ansi-regex@5.0.1.txt
ansi-regex,6.3.0,MIT,development,node_modules/ansi-regex,license,packages/ansi-regex@6.3.0.txt
ansi-styles,4.3.0,MIT,development,node_modules/chalk/node_modules/ansi-styles; node_modules/wrap-ansi-cjs/node_modules/ansi-styles,license,packages/ansi-styles@4.3.0.txt
ansi-styles,6.2.3,MIT,development,node_modules/ansi-styles,license,packages/ansi-styles@6.2.3.txt
ansi-styles,7.0.0,MIT,development,node_modules/npm-run-all2/node_modules/ansi-styles,license,packages/ansi-styles@7.0.0.txt
argparse,2.0.1,Python-2.0,development,node_modules/argparse,LICENSE,packages/argparse@2.0.1.txt
assertion-error,2.0.1,MIT,development,node_modules/assertion-error,LICENSE,packages/assertion-error@2.0.1.txt
ast-kit,2.2.0,MIT,production,node_modules/ast-kit,LICENSE,packages/ast-kit@2.2.0.txt
ast-walker-scope,0.9.0,MIT,production,node_modules/ast-walker-scope,LICENSE,packages/ast-walker-scope@0.9.0.txt
asynckit,0.4.0,MIT,production,node_modules/asynckit,LICENSE,packages/asynckit@0.4.0.txt
axios,1.19.0,MIT,production,node_modules/axios,LICENSE,packages/axios@1.19.0.txt
balanced-match,1.0.2,MIT,development,node_modules/editorconfig/node_modules/balanced-match; node_modules/js-beautify/node_modules/balanced-match; node_modules/protobufjs-cli/node_modules/balanced-match,LICENSE.md,packages/balanced-match@1.0.2.txt
balanced-match,4.0.4,MIT,development,node_modules/balanced-match,LICENSE.md,packages/balanced-match@4.0.4.txt
birpc,2.9.0,MIT,production,node_modules/birpc,LICENSE,packages/birpc@2.9.0.txt
bluebird,3.7.2,MIT,development,node_modules/bluebird,LICENSE,packages/bluebird@3.7.2.txt
boolbase,1.0.0,ISC,development,node_modules/boolbase,No bundled license text found,packages/boolbase@1.0.0.txt
brace-expansion,2.1.4,MIT,development,node_modules/editorconfig/node_modules/brace-expansion; node_modules/js-beautify/node_modules/brace-expansion; node_modules/protobufjs-cli/node_modules/brace-expansion,LICENSE,packages/brace-expansion@2.1.4.txt
brace-expansion,5.0.9,MIT,development,node_modules/brace-expansion,LICENSE,packages/brace-expansion@5.0.9.txt
buffer-image-size,0.6.4,MIT,development,node_modules/buffer-image-size,LICENSE,packages/buffer-image-size@0.6.4.txt
bundle-name,4.1.0,MIT,development,node_modules/bundle-name,license,packages/bundle-name@4.1.0.txt
call-bind-apply-helpers,1.0.2,MIT,production,node_modules/call-bind-apply-helpers,LICENSE,packages/call-bind-apply-helpers@1.0.2.txt
catharsis,0.9.0,MIT,development,node_modules/catharsis,LICENSE,packages/catharsis@0.9.0.txt
chai,6.2.2,MIT,development,node_modules/chai,LICENSE,packages/chai@6.2.2.txt
chalk,4.1.2,MIT,development,node_modules/chalk,license,packages/chalk@4.1.2.txt
chart.js,4.5.1,MIT,production,node_modules/chart.js,LICENSE.md,packages/chart.js@4.5.1.txt
chokidar,5.0.0,MIT,production,node_modules/chokidar,LICENSE,packages/chokidar@5.0.0.txt
cliui,9.0.1,ISC,development,node_modules/cliui,LICENSE.txt,packages/cliui@9.0.1.txt
color-convert,2.0.1,MIT,development,node_modules/color-convert,LICENSE,packages/color-convert@2.0.1.txt
color-name,1.1.4,MIT,development,node_modules/color-name,LICENSE,packages/color-name@1.1.4.txt
combined-stream,1.0.8,MIT,production,node_modules/combined-stream,License,packages/combined-stream@1.0.8.txt
commander,10.0.1,MIT,development,node_modules/commander,LICENSE,packages/commander@10.0.1.txt
commander,7.2.0,MIT,development,node_modules/svgo/node_modules/commander,LICENSE,packages/commander@7.2.0.txt
confbox,0.1.8,MIT,production,node_modules/mlly/node_modules/confbox,LICENSE,packages/confbox@0.1.8.txt
confbox,0.2.4,MIT,production,node_modules/confbox,LICENSE,packages/confbox@0.2.4.txt
config-chain,1.1.13,MIT,development,node_modules/config-chain,LICENCE,packages/config-chain@1.1.13.txt
convert-source-map,2.0.0,MIT,development,node_modules/convert-source-map,LICENSE,packages/convert-source-map@2.0.0.txt
copy-anything,3.0.5,MIT,production,node_modules/copy-anything,LICENSE,packages/copy-anything@3.0.5.txt
copy-anything,4.0.5,MIT,production,node_modules/superjson/node_modules/copy-anything,LICENSE,packages/copy-anything@4.0.5.txt
cross-spawn,7.0.6,MIT,development,node_modules/cross-spawn,LICENSE,packages/cross-spawn@7.0.6.txt
css-declaration-sorter,7.4.0,ISC,development,node_modules/css-declaration-sorter,license.md,packages/css-declaration-sorter@7.4.0.txt
css-select,5.2.2,BSD-2-Clause,development,node_modules/css-select,LICENSE,packages/css-select@5.2.2.txt
css-tree,2.2.1,MIT,development,node_modules/csso/node_modules/css-tree,LICENSE,packages/css-tree@2.2.1.txt
css-tree,2.3.1,MIT,development,node_modules/svgo/node_modules/css-tree,LICENSE,packages/css-tree@2.3.1.txt
css-what,6.2.2,BSD-2-Clause,development,node_modules/css-what,LICENSE,packages/css-what@6.2.2.txt
cssesc,3.0.0,MIT,development,node_modules/cssesc,LICENSE-MIT.txt,packages/cssesc@3.0.0.txt
csso,5.0.5,MIT,development,node_modules/csso,LICENSE,packages/csso@5.0.5.txt
csstype,3.2.3,MIT,production,node_modules/csstype,LICENSE,packages/csstype@3.2.3.txt
dayjs,1.11.23,MIT,production,node_modules/dayjs,LICENSE,packages/dayjs@1.11.23.txt
debug,2.6.9,MIT,production,node_modules/stream-parser/node_modules/debug,LICENSE,packages/debug@2.6.9.txt
debug,3.2.7,MIT,production,node_modules/probe-image-size/node_modules/debug,LICENSE,packages/debug@3.2.7.txt
debug,4.4.3,MIT,production,node_modules/debug,LICENSE,packages/debug@4.4.3.txt
deep-is,0.1.4,MIT,development,node_modules/deep-is,LICENSE,packages/deep-is@0.1.4.txt
default-browser-id,5.0.1,MIT,development,node_modules/default-browser-id,license,packages/default-browser-id@5.0.1.txt
default-browser,5.5.1,MIT,development,node_modules/default-browser,license,packages/default-browser@5.5.1.txt
define-lazy-prop,3.0.0,MIT,development,node_modules/define-lazy-prop,license,packages/define-lazy-prop@3.0.0.txt
delayed-stream,1.0.0,MIT,production,node_modules/delayed-stream,License,packages/delayed-stream@1.0.0.txt
detect-libc,2.1.2,Apache-2.0,production,node_modules/detect-libc,LICENSE,packages/detect-libc@2.1.2.txt
dom-serializer,2.0.0,MIT,development,node_modules/dom-serializer,LICENSE,packages/dom-serializer@2.0.0.txt
domelementtype,2.3.0,BSD-2-Clause,development,node_modules/domelementtype,LICENSE,packages/domelementtype@2.3.0.txt
domhandler,5.0.3,BSD-2-Clause,development,node_modules/domhandler,LICENSE,packages/domhandler@5.0.3.txt
domutils,3.2.2,BSD-2-Clause,development,node_modules/domutils,LICENSE,packages/domutils@3.2.2.txt
dunder-proto,1.0.1,MIT,production,node_modules/dunder-proto,LICENSE,packages/dunder-proto@1.0.1.txt
eastasianwidth,0.2.0,MIT,development,node_modules/eastasianwidth,No bundled license text found,packages/eastasianwidth@0.2.0.txt
editorconfig,1.0.7,MIT,development,node_modules/editorconfig,LICENSE,packages/editorconfig@1.0.7.txt
emoji-regex,10.6.0,MIT,development,node_modules/emoji-regex,LICENSE-MIT.txt,packages/emoji-regex@10.6.0.txt
emoji-regex,8.0.0,MIT,development,node_modules/string-width-cjs/node_modules/emoji-regex; node_modules/wrap-ansi-cjs/node_modules/emoji-regex,LICENSE-MIT.txt,packages/emoji-regex@8.0.0.txt
emoji-regex,9.2.2,MIT,development,node_modules/@isaacs/cliui/node_modules/emoji-regex,LICENSE-MIT.txt,packages/emoji-regex@9.2.2.txt
engine.io-client,6.6.6,MIT,production,node_modules/engine.io-client,LICENSE,packages/engine.io-client@6.6.6.txt
engine.io-parser,5.2.3,MIT,production,node_modules/engine.io-parser,LICENSE,packages/engine.io-parser@5.2.3.txt
entities,4.5.0,BSD-2-Clause,development,node_modules/dom-serializer/node_modules/entities; node_modules/markdown-it/node_modules/entities,LICENSE,packages/entities@4.5.0.txt
entities,7.0.1,BSD-2-Clause,production,node_modules/entities,LICENSE,packages/entities@7.0.1.txt
errno,0.1.8,MIT,production,node_modules/errno,No bundled license text found,packages/errno@0.1.8.txt
es-define-property,1.0.1,MIT,production,node_modules/es-define-property,LICENSE,packages/es-define-property@1.0.1.txt
es-errors,1.3.0,MIT,production,node_modules/es-errors,LICENSE,packages/es-errors@1.3.0.txt
es-module-lexer,2.3.2,MIT,development,node_modules/es-module-lexer,LICENSE,packages/es-module-lexer@2.3.2.txt
es-object-atoms,1.1.2,MIT,production,node_modules/es-object-atoms,LICENSE,packages/es-object-atoms@1.1.2.txt
es-set-tostringtag,2.1.0,MIT,production,node_modules/es-set-tostringtag,LICENSE,packages/es-set-tostringtag@2.1.0.txt
escalade,3.2.0,MIT,development,node_modules/escalade,license,packages/escalade@3.2.0.txt
escape-string-regexp,2.0.0,MIT,development,node_modules/jsdoc/node_modules/escape-string-regexp,license,packages/escape-string-regexp@2.0.0.txt
escape-string-regexp,4.0.0,MIT,development,node_modules/escape-string-regexp,license,packages/escape-string-regexp@4.0.0.txt
escape-string-regexp,5.0.0,MIT,development,node_modules/unimport/node_modules/escape-string-regexp,license,packages/escape-string-regexp@5.0.0.txt
escodegen,2.1.0,BSD-2-Clause,development,node_modules/escodegen,LICENSE.BSD,packages/escodegen@2.1.0.txt
eslint-config-prettier,10.1.8,MIT,development,node_modules/eslint-config-prettier,LICENSE,packages/eslint-config-prettier@10.1.8.txt
eslint-plugin-vue,10.10.0,MIT,development,node_modules/eslint-plugin-vue,LICENSE,packages/eslint-plugin-vue@10.10.0.txt
eslint-scope,9.1.2,BSD-2-Clause,development,node_modules/eslint-scope,LICENSE,packages/eslint-scope@9.1.2.txt
eslint-visitor-keys,3.4.3,Apache-2.0,development,node_modules/@eslint-community/eslint-utils/node_modules/eslint-visitor-keys; node_modules/protobufjs-cli/node_modules/eslint-visitor-keys,LICENSE,packages/eslint-visitor-keys@3.4.3.txt
eslint-visitor-keys,5.0.1,Apache-2.0,development,node_modules/eslint-visitor-keys,LICENSE,packages/eslint-visitor-keys@5.0.1.txt
eslint,10.8.1,MIT,development,node_modules/eslint,LICENSE,packages/eslint@10.8.1.txt
espree,11.2.0,BSD-2-Clause,development,node_modules/espree,LICENSE,packages/espree@11.2.0.txt
espree,9.6.1,BSD-2-Clause,development,node_modules/protobufjs-cli/node_modules/espree,LICENSE,packages/espree@9.6.1.txt
esprima,4.0.1,BSD-2-Clause,development,node_modules/esprima,LICENSE.BSD,packages/esprima@4.0.1.txt
esquery,1.7.0,BSD-3-Clause,development,node_modules/esquery,license.txt,packages/esquery@1.7.0.txt
esrecurse,4.3.0,BSD-2-Clause,development,node_modules/esrecurse,No bundled license text found,packages/esrecurse@4.3.0.txt
estraverse,5.3.0,BSD-2-Clause,development,node_modules/estraverse,LICENSE.BSD,packages/estraverse@5.3.0.txt
estree-walker,2.0.2,MIT,production,node_modules/estree-walker,LICENSE,packages/estree-walker@2.0.2.txt
estree-walker,3.0.3,MIT,development,node_modules/@vitest/mocker/node_modules/estree-walker; node_modules/unimport/node_modules/estree-walker,LICENSE,packages/estree-walker@3.0.3.txt
esutils,2.0.3,BSD-2-Clause,development,node_modules/esutils,LICENSE.BSD,packages/esutils@2.0.3.txt
expect-type,1.4.0,Apache-2.0,development,node_modules/expect-type,LICENSE,packages/expect-type@1.4.0.txt
exsolve,1.1.1,MIT,production,node_modules/exsolve,LICENSE,packages/exsolve@1.1.1.txt
fast-deep-equal,3.1.3,MIT,development,node_modules/fast-deep-equal,LICENSE,packages/fast-deep-equal@3.1.3.txt
fast-json-stable-stringify,2.1.0,MIT,development,node_modules/fast-json-stable-stringify,LICENSE,packages/fast-json-stable-stringify@2.1.0.txt
fast-levenshtein,2.0.6,MIT,development,node_modules/fast-levenshtein,LICENSE.md,packages/fast-levenshtein@2.0.6.txt
fdir,6.5.0,MIT,production,node_modules/fdir,LICENSE,packages/fdir@6.5.0.txt
file-entry-cache,8.0.0,MIT,development,node_modules/file-entry-cache,LICENSE,packages/file-entry-cache@8.0.0.txt
file-saver,2.0.5,MIT,production,node_modules/file-saver,LICENSE.md,packages/file-saver@2.0.5.txt
find-up,5.0.0,MIT,development,node_modules/find-up,license,packages/find-up@5.0.0.txt
flat-cache,4.0.1,MIT,development,node_modules/flat-cache,LICENSE,packages/flat-cache@4.0.1.txt
flatted,3.4.4,ISC,development,node_modules/flatted,LICENSE,packages/flatted@3.4.4.txt
follow-redirects,1.16.0,MIT,production,node_modules/follow-redirects,LICENSE,packages/follow-redirects@1.16.0.txt
foreground-child,3.3.1,ISC,development,node_modules/foreground-child,LICENSE,packages/foreground-child@3.3.1.txt
form-data,4.0.6,MIT,production,node_modules/form-data,License,packages/form-data@4.0.6.txt
fs-extra,10.1.0,MIT,development,node_modules/fs-extra,LICENSE,packages/fs-extra@10.1.0.txt
fs.realpath,1.0.0,ISC,development,node_modules/fs.realpath,LICENSE,packages/fs.realpath@1.0.0.txt
function-bind,1.1.2,MIT,production,node_modules/function-bind,LICENSE,packages/function-bind@1.1.2.txt
fuse.js,7.5.0,Apache-2.0,production,node_modules/fuse.js,LICENSE,packages/fuse.js@7.5.0.txt
get-caller-file,2.0.5,ISC,development,node_modules/get-caller-file,LICENSE.md,packages/get-caller-file@2.0.5.txt
get-east-asian-width,1.6.0,MIT,development,node_modules/get-east-asian-width,license,packages/get-east-asian-width@1.6.0.txt
get-intrinsic,1.3.0,MIT,production,node_modules/get-intrinsic,LICENSE,packages/get-intrinsic@1.3.0.txt
get-proto,1.0.1,MIT,production,node_modules/get-proto,LICENSE,packages/get-proto@1.0.1.txt
glob-parent,6.0.2,ISC,development,node_modules/glob-parent,LICENSE,packages/glob-parent@6.0.2.txt
glob,10.5.0,ISC,development,node_modules/js-beautify/node_modules/glob,LICENSE,packages/glob@10.5.0.txt
glob,8.1.0,ISC,development,node_modules/protobufjs-cli/node_modules/glob,LICENSE,packages/glob@8.1.0.txt
globals,17.11.0,MIT,development,node_modules/globals,license,packages/globals@17.11.0.txt
globrex,0.1.2,MIT,development,node_modules/globrex,license,packages/globrex@0.1.2.txt
gopd,1.2.0,MIT,production,node_modules/gopd,LICENSE,packages/gopd@1.2.0.txt
graceful-fs,4.2.11,ISC,production,node_modules/graceful-fs,LICENSE,packages/graceful-fs@4.2.11.txt
happy-dom,20.11.2,MIT,development,node_modules/happy-dom,LICENSE,packages/happy-dom@20.11.2.txt
has-flag,4.0.0,MIT,development,node_modules/has-flag,license,packages/has-flag@4.0.0.txt
has-symbols,1.1.0,MIT,production,node_modules/has-symbols,LICENSE,packages/has-symbols@1.1.0.txt
has-tostringtag,1.0.2,MIT,production,node_modules/has-tostringtag,LICENSE,packages/has-tostringtag@1.0.2.txt
hasown,2.0.4,MIT,production,node_modules/hasown,LICENSE,packages/hasown@2.0.4.txt
hookable,5.5.3,MIT,production,node_modules/hookable,LICENSE.md,packages/hookable@5.5.3.txt
https-proxy-agent,5.0.1,MIT,production,node_modules/https-proxy-agent,No bundled license text found,packages/https-proxy-agent@5.0.1.txt
iconv-lite,0.4.24,MIT,production,node_modules/probe-image-size/node_modules/iconv-lite,LICENSE,packages/iconv-lite@0.4.24.txt
iconv-lite,0.6.3,MIT,production,node_modules/iconv-lite,LICENSE,packages/iconv-lite@0.6.3.txt
ignore,5.3.2,MIT,development,node_modules/ignore,LICENSE-MIT,packages/ignore@5.3.2.txt
ignore,7.0.6,MIT,development,node_modules/@typescript-eslint/eslint-plugin/node_modules/ignore,LICENSE-MIT,packages/ignore@7.0.6.txt
imurmurhash,0.1.4,MIT,development,node_modules/imurmurhash,No bundled license text found,packages/imurmurhash@0.1.4.txt
inflight,1.0.6,ISC,development,node_modules/inflight,LICENSE,packages/inflight@1.0.6.txt
inherits,2.0.4,ISC,development,node_modules/inherits,LICENSE,packages/inherits@2.0.4.txt
ini,1.3.8,ISC,development,node_modules/ini,LICENSE,packages/ini@1.3.8.txt
is-docker,3.0.0,MIT,development,node_modules/is-docker,license,packages/is-docker@3.0.0.txt
is-extglob,2.1.1,MIT,development,node_modules/is-extglob,LICENSE,packages/is-extglob@2.1.1.txt
is-fullwidth-code-point,3.0.0,MIT,development,node_modules/is-fullwidth-code-point,license,packages/is-fullwidth-code-point@3.0.0.txt
is-glob,4.0.3,MIT,development,node_modules/is-glob,LICENSE,packages/is-glob@4.0.3.txt
is-in-ssh,1.0.0,MIT,development,node_modules/is-in-ssh,license,packages/is-in-ssh@1.0.0.txt
is-inside-container,1.0.0,MIT,development,node_modules/is-inside-container,license,packages/is-inside-container@1.0.0.txt
is-what,4.1.16,MIT,production,node_modules/is-what,LICENSE,packages/is-what@4.1.16.txt
is-what,5.5.0,MIT,production,node_modules/superjson/node_modules/is-what,LICENSE,packages/is-what@5.5.0.txt
is-wsl,3.1.1,MIT,development,node_modules/is-wsl,license,packages/is-wsl@3.1.1.txt
isexe,2.0.0,ISC,development,node_modules/isexe,LICENSE,packages/isexe@2.0.0.txt
isexe,4.0.0,BlueOak-1.0.0,development,node_modules/npm-run-all2/node_modules/isexe,LICENSE.md,packages/isexe@4.0.0.txt
jackspeak,3.4.3,BlueOak-1.0.0,development,node_modules/jackspeak,LICENSE.md,packages/jackspeak@3.4.3.txt
js-beautify,1.15.4,MIT,development,node_modules/js-beautify,LICENSE,packages/js-beautify@1.15.4.txt
js-cookie,3.0.8,MIT,development,node_modules/js-cookie,LICENSE,packages/js-cookie@3.0.8.txt
js-tokens,10.0.0,MIT,development,node_modules/strip-literal/node_modules/js-tokens,LICENSE,packages/js-tokens@10.0.0.txt
js2xmlparser,4.0.2,Apache-2.0,development,node_modules/js2xmlparser,LICENSE; NOTICE,packages/js2xmlparser@4.0.2.txt
jsdoc,4.0.5,Apache-2.0,development,node_modules/jsdoc,LICENSE.md,packages/jsdoc@4.0.5.txt
jsesc,3.1.0,MIT,production,node_modules/jsesc,LICENSE-MIT.txt,packages/jsesc@3.1.0.txt
json-buffer,3.0.1,MIT,development,node_modules/json-buffer,LICENSE,packages/json-buffer@3.0.1.txt
json-parse-even-better-errors,6.0.0,MIT,development,node_modules/json-parse-even-better-errors,LICENSE.md,packages/json-parse-even-better-errors@6.0.0.txt
json-schema-traverse,0.4.1,MIT,development,node_modules/json-schema-traverse,LICENSE,packages/json-schema-traverse@0.4.1.txt
json-stable-stringify-without-jsonify,1.0.1,MIT,development,node_modules/json-stable-stringify-without-jsonify,LICENSE,packages/json-stable-stringify-without-jsonify@1.0.1.txt
json5,2.2.3,MIT,production,node_modules/json5,LICENSE.md,packages/json5@2.2.3.txt
jsonfile,6.2.1,MIT,development,node_modules/jsonfile,LICENSE,packages/jsonfile@6.2.1.txt
keyv,4.5.4,MIT,development,node_modules/keyv,No bundled license text found,packages/keyv@4.5.4.txt
klaw,3.0.0,MIT,development,node_modules/klaw,LICENSE,packages/klaw@3.0.0.txt
less,4.9.0,Apache-2.0,production,node_modules/less,No bundled license text found,packages/less@4.9.0.txt
levn,0.4.1,MIT,development,node_modules/levn,LICENSE,packages/levn@0.4.1.txt
lightningcss-linux-x64-gnu,1.33.0,MPL-2.0,production,node_modules/lightningcss-linux-x64-gnu,LICENSE,packages/lightningcss-linux-x64-gnu@1.33.0.txt
lightningcss,1.33.0,MPL-2.0,production,node_modules/lightningcss,LICENSE,packages/lightningcss@1.33.0.txt
linkify-it,5.0.2,MIT,development,node_modules/linkify-it,LICENSE,packages/linkify-it@5.0.2.txt
local-pkg,1.2.1,MIT,production,node_modules/local-pkg,LICENSE,packages/local-pkg@1.2.1.txt
locate-path,6.0.0,MIT,development,node_modules/locate-path,license,packages/locate-path@6.0.0.txt
lodash.merge,4.6.2,MIT,production,node_modules/lodash.merge,LICENSE,packages/lodash.merge@4.6.2.txt
lodash,4.18.1,MIT,development,node_modules/lodash,LICENSE,packages/lodash@4.18.1.txt
long,5.3.2,Apache-2.0,production,node_modules/long,LICENSE,packages/long@5.3.2.txt
lru-cache,10.4.3,ISC,development,node_modules/path-scurry/node_modules/lru-cache,LICENSE,packages/lru-cache@10.4.3.txt
magic-string-ast,1.0.3,MIT,production,node_modules/magic-string-ast,LICENSE,packages/magic-string-ast@1.0.3.txt
magic-string,0.30.21,MIT,production,node_modules/magic-string,LICENSE,packages/magic-string@0.30.21.txt
magic-string,1.2.0,MIT,development,node_modules/unimport/node_modules/magic-string; node_modules/unplugin-auto-import/node_modules/magic-string,LICENSE,packages/magic-string@1.2.0.txt
make-dir,5.1.0,MIT,production,node_modules/make-dir,license,packages/make-dir@5.1.0.txt
markdown-it-anchor,8.6.7,Unlicense,development,node_modules/markdown-it-anchor,No bundled license text found,packages/markdown-it-anchor@8.6.7.txt
markdown-it,14.3.0,MIT,development,node_modules/markdown-it,LICENSE,packages/markdown-it@14.3.0.txt
marked,4.3.0,MIT,development,node_modules/marked,LICENSE.md,packages/marked@4.3.0.txt
math-intrinsics,1.1.0,MIT,production,node_modules/math-intrinsics,LICENSE,packages/math-intrinsics@1.1.0.txt
mdn-data,2.0.28,CC0-1.0,development,node_modules/csso/node_modules/mdn-data,LICENSE,packages/mdn-data@2.0.28.txt
mdn-data,2.0.30,CC0-1.0,development,node_modules/svgo/node_modules/mdn-data,LICENSE,packages/mdn-data@2.0.30.txt
mdurl,2.1.0,MIT,development,node_modules/mdurl,LICENSE,packages/mdurl@2.1.0.txt
memorystream,0.3.1,UNKNOWN,development,node_modules/memorystream,LICENSE,packages/memorystream@0.3.1.txt
mime-db,1.52.0,MIT,production,node_modules/mime-db,LICENSE,packages/mime-db@1.52.0.txt
mime-types,2.1.35,MIT,production,node_modules/mime-types,LICENSE,packages/mime-types@2.1.35.txt
mime,1.6.0,MIT,production,node_modules/mime,LICENSE,packages/mime@1.6.0.txt
minimatch,10.2.6,BlueOak-1.0.0,development,node_modules/minimatch,LICENSE.md,packages/minimatch@10.2.6.txt
minimatch,5.1.9,ISC,development,node_modules/protobufjs-cli/node_modules/minimatch,LICENSE,packages/minimatch@5.1.9.txt
minimatch,9.0.9,ISC,development,node_modules/editorconfig/node_modules/minimatch; node_modules/js-beautify/node_modules/minimatch,LICENSE,packages/minimatch@9.0.9.txt
minimist,1.2.8,MIT,development,node_modules/minimist,LICENSE,packages/minimist@1.2.8.txt
minipass,7.1.3,BlueOak-1.0.0,development,node_modules/minipass,LICENSE.md,packages/minipass@7.1.3.txt
mitt,3.0.1,MIT,production,node_modules/mitt,LICENSE,packages/mitt@3.0.1.txt
mkdirp,1.0.4,MIT,development,node_modules/jsdoc/node_modules/mkdirp,LICENSE,packages/mkdirp@1.0.4.txt
mlly,1.8.2,MIT,production,node_modules/mlly,LICENSE,packages/mlly@1.8.2.txt
ms,2.0.0,MIT,production,node_modules/stream-parser/node_modules/ms,license.md,packages/ms@2.0.0.txt
ms,2.1.3,MIT,production,node_modules/ms,license.md,packages/ms@2.1.3.txt
muggle-string,0.4.1,MIT,production,node_modules/muggle-string,LICENSE,packages/muggle-string@0.4.1.txt
nanoid,3.3.18,MIT,production,node_modules/nanoid,LICENSE,packages/nanoid@3.3.18.txt
natural-compare,1.4.0,MIT,development,node_modules/natural-compare,No bundled license text found,packages/natural-compare@1.4.0.txt
needle,2.9.1,MIT,production,node_modules/probe-image-size/node_modules/needle,license.txt,packages/needle@2.9.1.txt
needle,3.5.0,MIT,production,node_modules/needle,license.txt,packages/needle@3.5.0.txt
nopt,7.2.1,ISC,development,node_modules/nopt,LICENSE,packages/nopt@7.2.1.txt
nostics,1.2.0,MIT,production,node_modules/nostics,LICENSE,packages/nostics@1.2.0.txt
npm-normalize-package-bin,6.0.0,ISC,development,node_modules/npm-normalize-package-bin,LICENSE,packages/npm-normalize-package-bin@6.0.0.txt
npm-run-all2,9.0.3,MIT,development,node_modules/npm-run-all2,LICENSE,packages/npm-run-all2@9.0.3.txt
nth-check,2.1.1,BSD-2-Clause,development,node_modules/nth-check,LICENSE,packages/nth-check@2.1.1.txt
obug,2.1.4,MIT,development,node_modules/obug,LICENSE,packages/obug@2.1.4.txt
once,1.4.0,ISC,development,node_modules/once,LICENSE,packages/once@1.4.0.txt
open,11.0.1,MIT,development,node_modules/open,license,packages/open@11.0.1.txt
optionator,0.9.4,MIT,development,node_modules/optionator,LICENSE,packages/optionator@0.9.4.txt
p-limit,3.1.0,MIT,development,node_modules/p-limit,license,packages/p-limit@3.1.0.txt
p-locate,5.0.0,MIT,development,node_modules/p-locate,license,packages/p-locate@5.0.0.txt
package-json-from-dist,1.0.1,BlueOak-1.0.0,development,node_modules/package-json-from-dist,LICENSE.md,packages/package-json-from-dist@1.0.1.txt
parse-node-version,1.0.1,MIT,production,node_modules/parse-node-version,LICENSE,packages/parse-node-version@1.0.1.txt
path-browserify,1.0.1,MIT,development,node_modules/path-browserify,LICENSE,packages/path-browserify@1.0.1.txt
path-exists,4.0.0,MIT,development,node_modules/path-exists,license,packages/path-exists@4.0.0.txt
path-key,3.1.1,MIT,development,node_modules/path-key,license,packages/path-key@3.1.1.txt
path-scurry,1.11.1,BlueOak-1.0.0,development,node_modules/path-scurry,LICENSE.md,packages/path-scurry@1.11.1.txt
pathe,2.0.3,MIT,production,node_modules/pathe,LICENSE,packages/pathe@2.0.3.txt
perfect-debounce,1.0.0,MIT,production,node_modules/vee-validate/node_modules/perfect-debounce,LICENSE,packages/perfect-debounce@1.0.0.txt
perfect-debounce,2.1.0,MIT,production,node_modules/perfect-debounce,LICENSE,packages/perfect-debounce@2.1.0.txt
picocolors,1.1.1,ISC,production,node_modules/picocolors,LICENSE,packages/picocolors@1.1.1.txt
picomatch,4.0.5,MIT,production,node_modules/picomatch,LICENSE,packages/picomatch@4.0.5.txt
pidtree,1.0.0,MIT,development,node_modules/pidtree,license,packages/pidtree@1.0.0.txt
pinia,4.0.3,MIT,production,node_modules/pinia,LICENSE,packages/pinia@4.0.3.txt
pkg-types,1.3.1,MIT,production,node_modules/mlly/node_modules/pkg-types,LICENSE,packages/pkg-types@1.3.1.txt
pkg-types,2.3.1,MIT,production,node_modules/pkg-types,LICENSE,packages/pkg-types@2.3.1.txt
playwright-core,1.62.1,Apache-2.0,development,node_modules/playwright-core,LICENSE; NOTICE,packages/playwright-core@1.62.1.txt
playwright,1.62.1,Apache-2.0,development,node_modules/playwright,LICENSE; NOTICE,packages/playwright@1.62.1.txt
postcss-selector-parser,7.1.5,MIT,development,node_modules/postcss-selector-parser,LICENSE-MIT,packages/postcss-selector-parser@7.1.5.txt
postcss,8.5.26,MIT,production,node_modules/postcss,LICENSE,packages/postcss@8.5.26.txt
powershell-utils,0.1.0,MIT,development,node_modules/wsl-utils/node_modules/powershell-utils,license,packages/powershell-utils@0.1.0.txt
powershell-utils,0.2.0,MIT,development,node_modules/powershell-utils,license,packages/powershell-utils@0.2.0.txt
prelude-ls,1.2.1,MIT,development,node_modules/prelude-ls,LICENSE,packages/prelude-ls@1.2.1.txt
prettier,3.9.6,MIT,development,node_modules/prettier,LICENSE,packages/prettier@3.9.6.txt
probe-image-size,7.4.0,MIT,production,node_modules/probe-image-size,LICENSE,packages/probe-image-size@7.4.0.txt
proto-list,1.2.4,ISC,development,node_modules/proto-list,LICENSE,packages/proto-list@1.2.4.txt
protobufjs-cli,2.6.2,BSD-3-Clause,development,node_modules/protobufjs-cli,LICENSE,packages/protobufjs-cli@2.6.2.txt
protobufjs,8.7.2,BSD-3-Clause,production,node_modules/protobufjs,LICENSE,packages/protobufjs@8.7.2.txt
proxy-from-env,2.1.0,MIT,production,node_modules/proxy-from-env,LICENSE,packages/proxy-from-env@2.1.0.txt
prr,1.0.1,MIT,production,node_modules/prr,LICENSE.md,packages/prr@1.0.1.txt
punycode.js,2.3.1,MIT,development,node_modules/punycode.js,LICENSE-MIT.txt,packages/punycode.js@2.3.1.txt
punycode,2.3.1,MIT,development,node_modules/punycode,LICENSE-MIT.txt,packages/punycode@2.3.1.txt
quansync,0.2.11,MIT,production,node_modules/quansync,LICENSE.md,packages/quansync@0.2.11.txt
read-package-json-fast,6.0.0,ISC,development,node_modules/read-package-json-fast,LICENSE,packages/read-package-json-fast@6.0.0.txt
readdirp,5.1.1,MIT,production,node_modules/readdirp,LICENSE,packages/readdirp@5.1.1.txt
requizzle,0.2.4,MIT,development,node_modules/requizzle,LICENSE,packages/requizzle@0.2.4.txt
rfdc,1.4.1,MIT,production,node_modules/rfdc,LICENSE,packages/rfdc@1.4.1.txt
rolldown,1.2.4,MIT,production,node_modules/rolldown,LICENSE,packages/rolldown@1.2.4.txt
rollup-plugin-visualizer,7.1.1,MIT,development,node_modules/rollup-plugin-visualizer,LICENSE,packages/rollup-plugin-visualizer@7.1.1.txt
run-applescript,7.1.0,MIT,development,node_modules/run-applescript,license,packages/run-applescript@7.1.0.txt
safer-buffer,2.1.2,MIT,production,node_modules/safer-buffer,LICENSE,packages/safer-buffer@2.1.2.txt
sax,1.6.1,BlueOak-1.0.0,production,node_modules/sax,LICENSE.md,packages/sax@1.6.1.txt
scule,1.3.0,MIT,production,node_modules/scule,LICENSE,packages/scule@1.3.0.txt
semver,7.8.5,ISC,development,node_modules/@typescript-eslint/typescript-estree/node_modules/semver; node_modules/editorconfig/node_modules/semver; node_modules/eslint-plugin-vue/node_modules/semver; node_modules/vue-eslint-parser/node_modules/semver,LICENSE,packages/semver@7.8.5.txt
shebang-command,2.0.0,MIT,development,node_modules/shebang-command,license,packages/shebang-command@2.0.0.txt
shebang-regex,3.0.0,MIT,development,node_modules/shebang-regex,license,packages/shebang-regex@3.0.0.txt
shell-quote,1.10.0,MIT,development,node_modules/shell-quote,LICENSE,packages/shell-quote@1.10.0.txt
siginfo,2.0.0,ISC,development,node_modules/siginfo,LICENSE,packages/siginfo@2.0.0.txt
signal-exit,4.1.0,ISC,development,node_modules/signal-exit,LICENSE.txt,packages/signal-exit@4.1.0.txt
socket.io-client,4.8.3,MIT,production,node_modules/socket.io-client,LICENSE,packages/socket.io-client@4.8.3.txt
socket.io-parser,4.2.7,MIT,production,node_modules/socket.io-parser,LICENSE,packages/socket.io-parser@4.2.7.txt
source-map-js,1.2.1,BSD-3-Clause,production,node_modules/source-map-js,LICENSE,packages/source-map-js@1.2.1.txt
source-map,0.6.1,BSD-3-Clause,production,node_modules/source-map,LICENSE,packages/source-map@0.6.1.txt
source-map,0.8.0,BSD-3-Clause,development,node_modules/rollup-plugin-visualizer/node_modules/source-map,LICENSE,packages/source-map@0.8.0.txt
speakingurl,14.0.1,BSD-3-Clause,production,node_modules/speakingurl,LICENSE,packages/speakingurl@14.0.1.txt
stackback,0.0.2,MIT,development,node_modules/stackback,No bundled license text found,packages/stackback@0.0.2.txt
std-env,4.2.0,MIT,development,node_modules/std-env,LICENCE,packages/std-env@4.2.0.txt
stream-parser,0.3.1,MIT,production,node_modules/stream-parser,LICENSE,packages/stream-parser@0.3.1.txt
string-width,4.2.3,MIT,development,node_modules/string-width-cjs; node_modules/wrap-ansi-cjs/node_modules/string-width,license,packages/string-width@4.2.3.txt
string-width,5.1.2,MIT,development,node_modules/@isaacs/cliui/node_modules/string-width,license,packages/string-width@5.1.2.txt
string-width,7.2.0,MIT,development,node_modules/cliui/node_modules/string-width; node_modules/wrap-ansi/node_modules/string-width,license,packages/string-width@7.2.0.txt
string-width,8.2.2,MIT,development,node_modules/string-width,license,packages/string-width@8.2.2.txt
strip-ansi,6.0.1,MIT,development,node_modules/string-width-cjs/node_modules/strip-ansi; node_modules/strip-ansi-cjs; node_modules/wrap-ansi-cjs/node_modules/strip-ansi,license,packages/strip-ansi@6.0.1.txt
strip-ansi,7.2.0,MIT,development,node_modules/strip-ansi,license,packages/strip-ansi@7.2.0.txt
strip-json-comments,3.1.1,MIT,development,node_modules/strip-json-comments,license,packages/strip-json-comments@3.1.1.txt
strip-literal,4.0.0,MIT,development,node_modules/strip-literal,LICENSE,packages/strip-literal@4.0.0.txt
superjson,2.2.6,MIT,production,node_modules/superjson,LICENSE,packages/superjson@2.2.6.txt
supports-color,7.2.0,MIT,development,node_modules/supports-color,license,packages/supports-color@7.2.0.txt
svgo,3.3.4,MIT,development,node_modules/svgo,LICENSE,packages/svgo@3.3.4.txt
tailwindcss,4.3.3,MIT,development,node_modules/tailwindcss,LICENSE,packages/tailwindcss@4.3.3.txt
tinybench,2.9.0,MIT,development,node_modules/tinybench,LICENSE,packages/tinybench@2.9.0.txt
tinyexec,1.3.0,MIT,development,node_modules/tinyexec,LICENSE,packages/tinyexec@1.3.0.txt
tinyglobby,0.2.17,MIT,production,node_modules/tinyglobby,LICENSE,packages/tinyglobby@0.2.17.txt
tinyrainbow,3.1.1,MIT,development,node_modules/tinyrainbow,LICENCE,packages/tinyrainbow@3.1.1.txt
tmp,0.2.7,MIT,development,node_modules/tmp,LICENSE,packages/tmp@0.2.7.txt
ts-api-utils,2.5.0,MIT,development,node_modules/ts-api-utils,LICENSE.md,packages/ts-api-utils@2.5.0.txt
tsconfck,3.1.6,MIT,development,node_modules/vite-tsconfig-paths/node_modules/tsconfck,LICENSE,packages/tsconfck@3.1.6.txt
type-check,0.4.0,MIT,development,node_modules/type-check,LICENSE,packages/type-check@0.4.0.txt
type-fest,4.41.0,(MIT OR CC0-1.0),production,node_modules/type-fest,license-cc0; license-mit,packages/type-fest@4.41.0.txt
typescript-eslint,8.67.0,MIT,development,node_modules/typescript-eslint,LICENSE,packages/typescript-eslint@8.67.0.txt
typescript,6.0.3,Apache-2.0,production,node_modules/typescript,LICENSE.txt,packages/typescript@6.0.3.txt
uc.micro,2.1.0,MIT,development,node_modules/uc.micro,LICENSE.txt,packages/uc.micro@2.1.0.txt
ufo,1.6.4,MIT,production,node_modules/ufo,LICENSE,packages/ufo@1.6.4.txt
underscore,1.13.8,MIT,development,node_modules/underscore,LICENSE,packages/underscore@1.13.8.txt
undici-types,8.3.0,MIT,production,node_modules/undici-types,LICENSE,packages/undici-types@8.3.0.txt
unimport,6.4.0,MIT,development,node_modules/unimport,LICENSE,packages/unimport@6.4.0.txt
universalify,2.0.1,MIT,development,node_modules/universalify,LICENSE,packages/universalify@2.0.1.txt
unplugin-auto-import,21.1.0,MIT,development,node_modules/unplugin-auto-import,LICENSE,packages/unplugin-auto-import@21.1.0.txt
unplugin-utils,0.3.2,MIT,production,node_modules/unplugin-utils,LICENSE,packages/unplugin-utils@0.3.2.txt
unplugin-vue-components,32.1.0,MIT,development,node_modules/unplugin-vue-components,LICENSE,packages/unplugin-vue-components@32.1.0.txt
unplugin,3.3.0,MIT,production,node_modules/unplugin,LICENSE,packages/unplugin@3.3.0.txt
upath,2.0.1,MIT,production,node_modules/upath,LICENSE,packages/upath@2.0.1.txt
uri-js,4.4.1,BSD-2-Clause,development,node_modules/uri-js,LICENSE,packages/uri-js@4.4.1.txt
util-deprecate,1.0.2,MIT,development,node_modules/util-deprecate,LICENSE,packages/util-deprecate@1.0.2.txt
uuid,14.0.1,MIT,production,node_modules/uuid,LICENSE.md,packages/uuid@14.0.1.txt
validator,13.15.35,MIT,production,node_modules/validator,LICENSE,packages/validator@13.15.35.txt
vee-validate,4.15.1,MIT,production,node_modules/vee-validate,LICENSE,packages/vee-validate@4.15.1.txt
vite-plugin-compression,0.5.1,MIT,development,node_modules/vite-plugin-compression,LICENSE,packages/vite-plugin-compression@0.5.1.txt
vite-plugin-vuetify,2.1.3,MIT,production,node_modules/vite-plugin-vuetify,LICENSE.md,packages/vite-plugin-vuetify@2.1.3.txt
vite-svg-loader,5.1.1,MIT,development,node_modules/vite-svg-loader,LICENSE,packages/vite-svg-loader@5.1.1.txt
vite-tsconfig-paths,6.1.1,MIT,development,node_modules/vite-tsconfig-paths,LICENSE,packages/vite-tsconfig-paths@6.1.1.txt
vite,8.2.1,MIT,production,node_modules/vite,LICENSE.md,packages/vite@8.2.1.txt
vitest,4.1.10,MIT,development,node_modules/vitest,LICENSE.md,packages/vitest@4.1.10.txt
vscode-uri,3.1.0,MIT,development,node_modules/vscode-uri,LICENSE.md,packages/vscode-uri@3.1.0.txt
vue-chartjs,5.3.4,MIT,production,node_modules/vue-chartjs,LICENSE,packages/vue-chartjs@5.3.4.txt
vue-component-type-helpers,3.3.10,MIT,development,node_modules/vue-component-type-helpers,LICENSE,packages/vue-component-type-helpers@3.3.10.txt
vue-eslint-parser,10.4.1,MIT,development,node_modules/vue-eslint-parser,LICENSE,packages/vue-eslint-parser@10.4.1.txt
vue-router,5.2.0,MIT,production,node_modules/vue-router,LICENSE,packages/vue-router@5.2.0.txt
vue-tsc,3.3.10,MIT,development,node_modules/vue-tsc,LICENSE,packages/vue-tsc@3.3.10.txt
vue,3.5.41,MIT,production,node_modules/vue,LICENSE,packages/vue@3.5.41.txt
vuetify,4.1.9,MIT,production,node_modules/vuetify,LICENSE.md,packages/vuetify@4.1.9.txt
webpack-virtual-modules,0.6.2,MIT,production,node_modules/webpack-virtual-modules,LICENSE,packages/webpack-virtual-modules@0.6.2.txt
whatwg-mimetype,3.0.0,MIT,development,node_modules/happy-dom/node_modules/whatwg-mimetype,LICENSE.txt,packages/whatwg-mimetype@3.0.0.txt
which,2.0.2,ISC,development,node_modules/which,LICENSE,packages/which@2.0.2.txt
which,7.0.0,ISC,development,node_modules/npm-run-all2/node_modules/which,LICENSE,packages/which@7.0.0.txt
why-is-node-running,2.3.0,MIT,development,node_modules/why-is-node-running,LICENSE,packages/why-is-node-running@2.3.0.txt
word-wrap,1.2.5,MIT,development,node_modules/word-wrap,LICENSE,packages/word-wrap@1.2.5.txt
wrap-ansi,7.0.0,MIT,development,node_modules/wrap-ansi-cjs,license,packages/wrap-ansi@7.0.0.txt
wrap-ansi,8.1.0,MIT,development,node_modules/@isaacs/cliui/node_modules/wrap-ansi,license,packages/wrap-ansi@8.1.0.txt
wrap-ansi,9.0.2,MIT,development,node_modules/wrap-ansi,license,packages/wrap-ansi@9.0.2.txt
wrappy,1.0.2,ISC,development,node_modules/wrappy,LICENSE,packages/wrappy@1.0.2.txt
ws,8.21.3,MIT,production,node_modules/ws,LICENSE,packages/ws@8.21.3.txt
wsl-utils,1.0.0,MIT,development,node_modules/wsl-utils,license,packages/wsl-utils@1.0.0.txt
xml-name-validator,5.0.0,Apache-2.0,development,node_modules/xml-name-validator,LICENSE.txt,packages/xml-name-validator@5.0.0.txt
xmlcreate,2.0.4,Apache-2.0,development,node_modules/xmlcreate,LICENSE; NOTICE,packages/xmlcreate@2.0.4.txt
xmlhttprequest-ssl,2.1.2,UNKNOWN,production,node_modules/xmlhttprequest-ssl,LICENSE,packages/xmlhttprequest-ssl@2.1.2.txt
y18n,5.0.8,ISC,development,node_modules/y18n,LICENSE,packages/y18n@5.0.8.txt
yaml,2.9.0,ISC,production,node_modules/yaml,LICENSE,packages/yaml@2.9.0.txt
yargs-parser,22.0.0,ISC,development,node_modules/yargs-parser,LICENSE.txt,packages/yargs-parser@22.0.0.txt
yargs,18.1.0,MIT,development,node_modules/yargs,LICENSE,packages/yargs@18.1.0.txt
yocto-queue,0.1.0,MIT,development,node_modules/yocto-queue,license,packages/yocto-queue@0.1.0.txt
zod,4.4.3,MIT,production,node_modules/zod,LICENSE,packages/zod@4.4.3.txt
