Package Name,Version,Source URL,Vendor,License Type
@babel/generator,8.0.0,https://www.npmjs.com/package/@babel/generator/v/8.0.0,NPM,MIT
@babel/helper-string-parser,7.29.7,https://www.npmjs.com/package/@babel/helper-string-parser/v/7.29.7,NPM,MIT
@babel/helper-string-parser,8.0.0,https://www.npmjs.com/package/@babel/helper-string-parser/v/8.0.0,NPM,MIT
@babel/helper-validator-identifier,7.29.7,https://www.npmjs.com/package/@babel/helper-validator-identifier/v/7.29.7,NPM,MIT
@babel/helper-validator-identifier,8.0.4,https://www.npmjs.com/package/@babel/helper-validator-identifier/v/8.0.4,NPM,MIT
@babel/parser,7.29.8,https://www.npmjs.com/package/@babel/parser/v/7.29.8,NPM,MIT
@babel/parser,8.0.4,https://www.npmjs.com/package/@babel/parser/v/8.0.4,NPM,MIT
@babel/types,7.29.8,https://www.npmjs.com/package/@babel/types/v/7.29.8,NPM,MIT
@babel/types,8.0.4,https://www.npmjs.com/package/@babel/types/v/8.0.4,NPM,MIT
@bufbuild/protobuf,2.16.0,https://www.npmjs.com/package/@bufbuild/protobuf/v/2.16.0,NPM,(Apache-2.0 AND BSD-3-Clause)
@eslint-community/eslint-utils,4.10.1,https://www.npmjs.com/package/@eslint-community/eslint-utils/v/4.10.1,NPM,MIT
@eslint-community/regexpp,4.12.2,https://www.npmjs.com/package/@eslint-community/regexpp/v/4.12.2,NPM,MIT
@eslint/config-array,0.23.5,https://www.npmjs.com/package/@eslint/config-array/v/0.23.5,NPM,Apache-2.0
@eslint/config-helpers,0.7.0,https://www.npmjs.com/package/@eslint/config-helpers/v/0.7.0,NPM,Apache-2.0
@eslint/core,1.2.1,https://www.npmjs.com/package/@eslint/core/v/1.2.1,NPM,Apache-2.0
@eslint/js,10.0.1,https://www.npmjs.com/package/@eslint/js/v/10.0.1,NPM,MIT
@eslint/object-schema,3.0.5,https://www.npmjs.com/package/@eslint/object-schema/v/3.0.5,NPM,Apache-2.0
@eslint/plugin-kit,0.7.2,https://www.npmjs.com/package/@eslint/plugin-kit/v/0.7.2,NPM,Apache-2.0
@humanfs/core,0.19.2,https://www.npmjs.com/package/@humanfs/core/v/0.19.2,NPM,Apache-2.0
@humanfs/node,0.16.8,https://www.npmjs.com/package/@humanfs/node/v/0.16.8,NPM,Apache-2.0
@humanfs/types,0.15.0,https://www.npmjs.com/package/@humanfs/types/v/0.15.0,NPM,Apache-2.0
@humanwhocodes/module-importer,1.0.1,https://www.npmjs.com/package/@humanwhocodes/module-importer/v/1.0.1,NPM,Apache-2.0
@humanwhocodes/retry,0.4.3,https://www.npmjs.com/package/@humanwhocodes/retry/v/0.4.3,NPM,Apache-2.0
@isaacs/cliui,8.0.2,https://www.npmjs.com/package/@isaacs/cliui/v/8.0.2,NPM,ISC
@jridgewell/gen-mapping,0.3.13,https://www.npmjs.com/package/@jridgewell/gen-mapping/v/0.3.13,NPM,MIT
@jridgewell/remapping,2.3.5,https://www.npmjs.com/package/@jridgewell/remapping/v/2.3.5,NPM,MIT
@jridgewell/resolve-uri,3.1.2,https://www.npmjs.com/package/@jridgewell/resolve-uri/v/3.1.2,NPM,MIT
@jridgewell/sourcemap-codec,1.5.5,https://www.npmjs.com/package/@jridgewell/sourcemap-codec/v/1.5.5,NPM,MIT
@jridgewell/trace-mapping,0.3.31,https://www.npmjs.com/package/@jridgewell/trace-mapping/v/0.3.31,NPM,MIT
@jsdoc/salty,0.2.12,https://www.npmjs.com/package/@jsdoc/salty/v/0.2.12,NPM,Apache-2.0
@kurkle/color,0.3.4,https://www.npmjs.com/package/@kurkle/color/v/0.3.4,NPM,MIT
@mdi/js,7.4.47,https://www.npmjs.com/package/@mdi/js/v/7.4.47,NPM,Apache-2.0
@one-ini/wasm,0.1.1,https://www.npmjs.com/package/@one-ini/wasm/v/0.1.1,NPM,MIT
@oxc-project/types,0.144.0,https://www.npmjs.com/package/@oxc-project/types/v/0.144.0,NPM,MIT
@pkgjs/parseargs,0.11.0,https://www.npmjs.com/package/@pkgjs/parseargs/v/0.11.0,NPM,MIT
@playwright/test,1.62.1,https://www.npmjs.com/package/@playwright/test/v/1.62.1,NPM,Apache-2.0
@rolldown/binding-linux-x64-gnu,1.2.4,https://www.npmjs.com/package/@rolldown/binding-linux-x64-gnu/v/1.2.4,NPM,MIT
@rolldown/pluginutils,1.0.1,https://www.npmjs.com/package/@rolldown/pluginutils/v/1.0.1,NPM,MIT
@rushstack/eslint-patch,1.16.1,https://www.npmjs.com/package/@rushstack/eslint-patch/v/1.16.1,NPM,MIT
@socket.io/component-emitter,3.1.2,https://www.npmjs.com/package/@socket.io/component-emitter/v/3.1.2,NPM,MIT
@standard-schema/spec,1.1.0,https://www.npmjs.com/package/@standard-schema/spec/v/1.1.0,NPM,MIT
@types/chai,5.2.3,https://www.npmjs.com/package/@types/chai/v/5.2.3,NPM,MIT
@types/deep-eql,4.0.2,https://www.npmjs.com/package/@types/deep-eql/v/4.0.2,NPM,MIT
@types/esrecurse,4.3.1,https://www.npmjs.com/package/@types/esrecurse/v/4.3.1,NPM,MIT
@types/estree,1.0.9,https://www.npmjs.com/package/@types/estree/v/1.0.9,NPM,MIT
@types/file-saver,2.0.7,https://www.npmjs.com/package/@types/file-saver/v/2.0.7,NPM,MIT
@types/jsesc,2.5.1,https://www.npmjs.com/package/@types/jsesc/v/2.5.1,NPM,MIT
@types/json-schema,7.0.15,https://www.npmjs.com/package/@types/json-schema/v/7.0.15,NPM,MIT
@types/linkify-it,5.0.0,https://www.npmjs.com/package/@types/linkify-it/v/5.0.0,NPM,MIT
@types/markdown-it,14.1.2,https://www.npmjs.com/package/@types/markdown-it/v/14.1.2,NPM,MIT
@types/mdurl,2.0.0,https://www.npmjs.com/package/@types/mdurl/v/2.0.0,NPM,MIT
@types/node,22.20.1,https://www.npmjs.com/package/@types/node/v/22.20.1,NPM,MIT
@types/validator,13.15.10,https://www.npmjs.com/package/@types/validator/v/13.15.10,NPM,MIT
@types/web-bluetooth,0.0.21,https://www.npmjs.com/package/@types/web-bluetooth/v/0.0.21,NPM,MIT
@types/whatwg-mimetype,3.0.2,https://www.npmjs.com/package/@types/whatwg-mimetype/v/3.0.2,NPM,MIT
@types/ws,8.18.1,https://www.npmjs.com/package/@types/ws/v/8.18.1,NPM,MIT
@typescript-eslint/eslint-plugin,8.67.0,https://www.npmjs.com/package/@typescript-eslint/eslint-plugin/v/8.67.0,NPM,MIT
@typescript-eslint/parser,8.67.0,https://www.npmjs.com/package/@typescript-eslint/parser/v/8.67.0,NPM,MIT
@typescript-eslint/project-service,8.67.0,https://www.npmjs.com/package/@typescript-eslint/project-service/v/8.67.0,NPM,MIT
@typescript-eslint/scope-manager,8.67.0,https://www.npmjs.com/package/@typescript-eslint/scope-manager/v/8.67.0,NPM,MIT
@typescript-eslint/tsconfig-utils,8.67.0,https://www.npmjs.com/package/@typescript-eslint/tsconfig-utils/v/8.67.0,NPM,MIT
@typescript-eslint/type-utils,8.67.0,https://www.npmjs.com/package/@typescript-eslint/type-utils/v/8.67.0,NPM,MIT
@typescript-eslint/types,8.67.0,https://www.npmjs.com/package/@typescript-eslint/types/v/8.67.0,NPM,MIT
@typescript-eslint/typescript-estree,8.67.0,https://www.npmjs.com/package/@typescript-eslint/typescript-estree/v/8.67.0,NPM,MIT
@typescript-eslint/utils,8.67.0,https://www.npmjs.com/package/@typescript-eslint/utils/v/8.67.0,NPM,MIT
@typescript-eslint/visitor-keys,8.67.0,https://www.npmjs.com/package/@typescript-eslint/visitor-keys/v/8.67.0,NPM,MIT
@vitejs/plugin-vue,6.0.8,https://www.npmjs.com/package/@vitejs/plugin-vue/v/6.0.8,NPM,MIT
@vitest/expect,4.1.10,https://www.npmjs.com/package/@vitest/expect/v/4.1.10,NPM,MIT
@vitest/mocker,4.1.10,https://www.npmjs.com/package/@vitest/mocker/v/4.1.10,NPM,MIT
@vitest/pretty-format,4.1.10,https://www.npmjs.com/package/@vitest/pretty-format/v/4.1.10,NPM,MIT
@vitest/runner,4.1.10,https://www.npmjs.com/package/@vitest/runner/v/4.1.10,NPM,MIT
@vitest/snapshot,4.1.10,https://www.npmjs.com/package/@vitest/snapshot/v/4.1.10,NPM,MIT
@vitest/spy,4.1.10,https://www.npmjs.com/package/@vitest/spy/v/4.1.10,NPM,MIT
@vitest/utils,4.1.10,https://www.npmjs.com/package/@vitest/utils/v/4.1.10,NPM,MIT
@volar/language-core,2.4.28,https://www.npmjs.com/package/@volar/language-core/v/2.4.28,NPM,MIT
@volar/source-map,2.4.28,https://www.npmjs.com/package/@volar/source-map/v/2.4.28,NPM,MIT
@volar/typescript,2.4.28,https://www.npmjs.com/package/@volar/typescript/v/2.4.28,NPM,MIT
@vue-macros/common,3.1.4,https://www.npmjs.com/package/@vue-macros/common/v/3.1.4,NPM,MIT
@vue/compiler-core,3.5.41,https://www.npmjs.com/package/@vue/compiler-core/v/3.5.41,NPM,MIT
@vue/compiler-dom,3.5.41,https://www.npmjs.com/package/@vue/compiler-dom/v/3.5.41,NPM,MIT
@vue/compiler-sfc,3.5.41,https://www.npmjs.com/package/@vue/compiler-sfc/v/3.5.41,NPM,MIT
@vue/compiler-ssr,3.5.41,https://www.npmjs.com/package/@vue/compiler-ssr/v/3.5.41,NPM,MIT
@vue/devtools-api,7.7.10,https://www.npmjs.com/package/@vue/devtools-api/v/7.7.10,NPM,MIT
@vue/devtools-api,8.2.1,https://www.npmjs.com/package/@vue/devtools-api/v/8.2.1,NPM,MIT
@vue/devtools-kit,7.7.10,https://www.npmjs.com/package/@vue/devtools-kit/v/7.7.10,NPM,MIT
@vue/devtools-kit,8.2.1,https://www.npmjs.com/package/@vue/devtools-kit/v/8.2.1,NPM,MIT
@vue/devtools-shared,7.7.10,https://www.npmjs.com/package/@vue/devtools-shared/v/7.7.10,NPM,MIT
@vue/devtools-shared,8.2.1,https://www.npmjs.com/package/@vue/devtools-shared/v/8.2.1,NPM,MIT
@vue/language-core,3.3.10,https://www.npmjs.com/package/@vue/language-core/v/3.3.10,NPM,MIT
@vue/reactivity,3.5.41,https://www.npmjs.com/package/@vue/reactivity/v/3.5.41,NPM,MIT
@vue/runtime-core,3.5.41,https://www.npmjs.com/package/@vue/runtime-core/v/3.5.41,NPM,MIT
@vue/runtime-dom,3.5.41,https://www.npmjs.com/package/@vue/runtime-dom/v/3.5.41,NPM,MIT
@vue/server-renderer,3.5.41,https://www.npmjs.com/package/@vue/server-renderer/v/3.5.41,NPM,MIT
@vue/shared,3.5.41,https://www.npmjs.com/package/@vue/shared/v/3.5.41,NPM,MIT
@vue/test-utils,2.4.11,https://www.npmjs.com/package/@vue/test-utils/v/2.4.11,NPM,MIT
@vue/tsconfig,0.9.1,https://www.npmjs.com/package/@vue/tsconfig/v/0.9.1,NPM,MIT
@vuetify/loader-shared,2.1.2,https://www.npmjs.com/package/@vuetify/loader-shared/v/2.1.2,NPM,MIT
@vueuse/core,14.4.0,https://www.npmjs.com/package/@vueuse/core/v/14.4.0,NPM,MIT
@vueuse/metadata,14.4.0,https://www.npmjs.com/package/@vueuse/metadata/v/14.4.0,NPM,MIT
@vueuse/shared,14.4.0,https://www.npmjs.com/package/@vueuse/shared/v/14.4.0,NPM,MIT
abbrev,2.0.0,https://www.npmjs.com/package/abbrev/v/2.0.0,NPM,ISC
acorn-jsx,5.3.2,https://www.npmjs.com/package/acorn-jsx/v/5.3.2,NPM,MIT
acorn,8.18.0,https://www.npmjs.com/package/acorn/v/8.18.0,NPM,MIT
agent-base,6.0.2,https://www.npmjs.com/package/agent-base/v/6.0.2,NPM,MIT
ajv,6.15.0,https://www.npmjs.com/package/ajv/v/6.15.0,NPM,MIT
alien-signals,3.2.1,https://www.npmjs.com/package/alien-signals/v/3.2.1,NPM,MIT
ansi-regex,5.0.1,https://www.npmjs.com/package/ansi-regex/v/5.0.1,NPM,MIT
ansi-regex,6.3.0,https://www.npmjs.com/package/ansi-regex/v/6.3.0,NPM,MIT
ansi-styles,4.3.0,https://www.npmjs.com/package/ansi-styles/v/4.3.0,NPM,MIT
ansi-styles,6.2.3,https://www.npmjs.com/package/ansi-styles/v/6.2.3,NPM,MIT
ansi-styles,7.0.0,https://www.npmjs.com/package/ansi-styles/v/7.0.0,NPM,MIT
argparse,2.0.1,https://www.npmjs.com/package/argparse/v/2.0.1,NPM,Python-2.0
assertion-error,2.0.1,https://www.npmjs.com/package/assertion-error/v/2.0.1,NPM,MIT
ast-kit,2.2.0,https://www.npmjs.com/package/ast-kit/v/2.2.0,NPM,MIT
ast-walker-scope,0.9.0,https://www.npmjs.com/package/ast-walker-scope/v/0.9.0,NPM,MIT
asynckit,0.4.0,https://www.npmjs.com/package/asynckit/v/0.4.0,NPM,MIT
axios,1.19.0,https://www.npmjs.com/package/axios/v/1.19.0,NPM,MIT
balanced-match,1.0.2,https://www.npmjs.com/package/balanced-match/v/1.0.2,NPM,MIT
balanced-match,4.0.4,https://www.npmjs.com/package/balanced-match/v/4.0.4,NPM,MIT
birpc,2.9.0,https://www.npmjs.com/package/birpc/v/2.9.0,NPM,MIT
bluebird,3.7.2,https://www.npmjs.com/package/bluebird/v/3.7.2,NPM,MIT
boolbase,1.0.0,https://www.npmjs.com/package/boolbase/v/1.0.0,NPM,ISC
brace-expansion,2.1.4,https://www.npmjs.com/package/brace-expansion/v/2.1.4,NPM,MIT
brace-expansion,5.0.9,https://www.npmjs.com/package/brace-expansion/v/5.0.9,NPM,MIT
buffer-image-size,0.6.4,https://www.npmjs.com/package/buffer-image-size/v/0.6.4,NPM,MIT
bundle-name,4.1.0,https://www.npmjs.com/package/bundle-name/v/4.1.0,NPM,MIT
call-bind-apply-helpers,1.0.2,https://www.npmjs.com/package/call-bind-apply-helpers/v/1.0.2,NPM,MIT
case-anything,2.1.13,https://www.npmjs.com/package/case-anything/v/2.1.13,NPM,MIT
catharsis,0.9.0,https://www.npmjs.com/package/catharsis/v/0.9.0,NPM,MIT
chai,6.2.2,https://www.npmjs.com/package/chai/v/6.2.2,NPM,MIT
chalk,4.1.2,https://www.npmjs.com/package/chalk/v/4.1.2,NPM,MIT
chart.js,4.5.1,https://www.npmjs.com/package/chart.js/v/4.5.1,NPM,MIT
chokidar,5.0.0,https://www.npmjs.com/package/chokidar/v/5.0.0,NPM,MIT
cliui,9.0.1,https://www.npmjs.com/package/cliui/v/9.0.1,NPM,ISC
color-convert,2.0.1,https://www.npmjs.com/package/color-convert/v/2.0.1,NPM,MIT
color-name,1.1.4,https://www.npmjs.com/package/color-name/v/1.1.4,NPM,MIT
combined-stream,1.0.8,https://www.npmjs.com/package/combined-stream/v/1.0.8,NPM,MIT
commander,10.0.1,https://www.npmjs.com/package/commander/v/10.0.1,NPM,MIT
commander,7.2.0,https://www.npmjs.com/package/commander/v/7.2.0,NPM,MIT
confbox,0.1.8,https://www.npmjs.com/package/confbox/v/0.1.8,NPM,MIT
confbox,0.2.4,https://www.npmjs.com/package/confbox/v/0.2.4,NPM,MIT
config-chain,1.1.13,https://www.npmjs.com/package/config-chain/v/1.1.13,NPM,MIT
convert-source-map,2.0.0,https://www.npmjs.com/package/convert-source-map/v/2.0.0,NPM,MIT
copy-anything,3.0.5,https://www.npmjs.com/package/copy-anything/v/3.0.5,NPM,MIT
copy-anything,4.0.5,https://www.npmjs.com/package/copy-anything/v/4.0.5,NPM,MIT
cross-spawn,7.0.6,https://www.npmjs.com/package/cross-spawn/v/7.0.6,NPM,MIT
css-declaration-sorter,7.4.0,https://www.npmjs.com/package/css-declaration-sorter/v/7.4.0,NPM,ISC
css-select,5.2.2,https://www.npmjs.com/package/css-select/v/5.2.2,NPM,BSD-2-Clause
css-tree,2.2.1,https://www.npmjs.com/package/css-tree/v/2.2.1,NPM,MIT
css-tree,2.3.1,https://www.npmjs.com/package/css-tree/v/2.3.1,NPM,MIT
css-what,6.2.2,https://www.npmjs.com/package/css-what/v/6.2.2,NPM,BSD-2-Clause
cssesc,3.0.0,https://www.npmjs.com/package/cssesc/v/3.0.0,NPM,MIT
csso,5.0.5,https://www.npmjs.com/package/csso/v/5.0.5,NPM,MIT
csstype,3.2.3,https://www.npmjs.com/package/csstype/v/3.2.3,NPM,MIT
dayjs,1.11.23,https://www.npmjs.com/package/dayjs/v/1.11.23,NPM,MIT
debug,2.6.9,https://www.npmjs.com/package/debug/v/2.6.9,NPM,MIT
debug,3.2.7,https://www.npmjs.com/package/debug/v/3.2.7,NPM,MIT
debug,4.4.3,https://www.npmjs.com/package/debug/v/4.4.3,NPM,MIT
deep-is,0.1.4,https://www.npmjs.com/package/deep-is/v/0.1.4,NPM,MIT
default-browser-id,5.0.1,https://www.npmjs.com/package/default-browser-id/v/5.0.1,NPM,MIT
default-browser,5.5.1,https://www.npmjs.com/package/default-browser/v/5.5.1,NPM,MIT
define-lazy-prop,3.0.0,https://www.npmjs.com/package/define-lazy-prop/v/3.0.0,NPM,MIT
delayed-stream,1.0.0,https://www.npmjs.com/package/delayed-stream/v/1.0.0,NPM,MIT
detect-libc,1.0.3,https://www.npmjs.com/package/detect-libc/v/1.0.3,NPM,Apache-2.0
detect-libc,2.1.2,https://www.npmjs.com/package/detect-libc/v/2.1.2,NPM,Apache-2.0
dom-serializer,2.0.0,https://www.npmjs.com/package/dom-serializer/v/2.0.0,NPM,MIT
domelementtype,2.3.0,https://www.npmjs.com/package/domelementtype/v/2.3.0,NPM,BSD-2-Clause
domhandler,5.0.3,https://www.npmjs.com/package/domhandler/v/5.0.3,NPM,BSD-2-Clause
domutils,3.2.2,https://www.npmjs.com/package/domutils/v/3.2.2,NPM,BSD-2-Clause
dprint-node,1.0.8,https://www.npmjs.com/package/dprint-node/v/1.0.8,NPM,MIT
dunder-proto,1.0.1,https://www.npmjs.com/package/dunder-proto/v/1.0.1,NPM,MIT
eastasianwidth,0.2.0,https://www.npmjs.com/package/eastasianwidth/v/0.2.0,NPM,MIT
editorconfig,1.0.7,https://www.npmjs.com/package/editorconfig/v/1.0.7,NPM,MIT
emoji-regex,10.6.0,https://www.npmjs.com/package/emoji-regex/v/10.6.0,NPM,MIT
emoji-regex,8.0.0,https://www.npmjs.com/package/emoji-regex/v/8.0.0,NPM,MIT
emoji-regex,9.2.2,https://www.npmjs.com/package/emoji-regex/v/9.2.2,NPM,MIT
engine.io-client,6.6.6,https://www.npmjs.com/package/engine.io-client/v/6.6.6,NPM,MIT
engine.io-parser,5.2.3,https://www.npmjs.com/package/engine.io-parser/v/5.2.3,NPM,MIT
entities,4.5.0,https://www.npmjs.com/package/entities/v/4.5.0,NPM,BSD-2-Clause
entities,7.0.1,https://www.npmjs.com/package/entities/v/7.0.1,NPM,BSD-2-Clause
errno,0.1.8,https://www.npmjs.com/package/errno/v/0.1.8,NPM,MIT
es-define-property,1.0.1,https://www.npmjs.com/package/es-define-property/v/1.0.1,NPM,MIT
es-errors,1.3.0,https://www.npmjs.com/package/es-errors/v/1.3.0,NPM,MIT
es-module-lexer,2.3.2,https://www.npmjs.com/package/es-module-lexer/v/2.3.2,NPM,MIT
es-object-atoms,1.1.2,https://www.npmjs.com/package/es-object-atoms/v/1.1.2,NPM,MIT
es-set-tostringtag,2.1.0,https://www.npmjs.com/package/es-set-tostringtag/v/2.1.0,NPM,MIT
escalade,3.2.0,https://www.npmjs.com/package/escalade/v/3.2.0,NPM,MIT
escape-string-regexp,2.0.0,https://www.npmjs.com/package/escape-string-regexp/v/2.0.0,NPM,MIT
escape-string-regexp,4.0.0,https://www.npmjs.com/package/escape-string-regexp/v/4.0.0,NPM,MIT
escape-string-regexp,5.0.0,https://www.npmjs.com/package/escape-string-regexp/v/5.0.0,NPM,MIT
escodegen,2.1.0,https://www.npmjs.com/package/escodegen/v/2.1.0,NPM,BSD-2-Clause
eslint-config-prettier,10.1.8,https://www.npmjs.com/package/eslint-config-prettier/v/10.1.8,NPM,MIT
eslint-plugin-vue,10.10.0,https://www.npmjs.com/package/eslint-plugin-vue/v/10.10.0,NPM,MIT
eslint-scope,9.1.2,https://www.npmjs.com/package/eslint-scope/v/9.1.2,NPM,BSD-2-Clause
eslint-visitor-keys,3.4.3,https://www.npmjs.com/package/eslint-visitor-keys/v/3.4.3,NPM,Apache-2.0
eslint-visitor-keys,5.0.1,https://www.npmjs.com/package/eslint-visitor-keys/v/5.0.1,NPM,Apache-2.0
eslint,10.8.1,https://www.npmjs.com/package/eslint/v/10.8.1,NPM,MIT
espree,11.2.0,https://www.npmjs.com/package/espree/v/11.2.0,NPM,BSD-2-Clause
espree,9.6.1,https://www.npmjs.com/package/espree/v/9.6.1,NPM,BSD-2-Clause
esprima,4.0.1,https://www.npmjs.com/package/esprima/v/4.0.1,NPM,BSD-2-Clause
esquery,1.7.0,https://www.npmjs.com/package/esquery/v/1.7.0,NPM,BSD-3-Clause
esrecurse,4.3.0,https://www.npmjs.com/package/esrecurse/v/4.3.0,NPM,BSD-2-Clause
estraverse,5.3.0,https://www.npmjs.com/package/estraverse/v/5.3.0,NPM,BSD-2-Clause
estree-walker,2.0.2,https://www.npmjs.com/package/estree-walker/v/2.0.2,NPM,MIT
estree-walker,3.0.3,https://www.npmjs.com/package/estree-walker/v/3.0.3,NPM,MIT
esutils,2.0.3,https://www.npmjs.com/package/esutils/v/2.0.3,NPM,BSD-2-Clause
expect-type,1.4.0,https://www.npmjs.com/package/expect-type/v/1.4.0,NPM,Apache-2.0
exsolve,1.1.1,https://www.npmjs.com/package/exsolve/v/1.1.1,NPM,MIT
fast-deep-equal,3.1.3,https://www.npmjs.com/package/fast-deep-equal/v/3.1.3,NPM,MIT
fast-json-stable-stringify,2.1.0,https://www.npmjs.com/package/fast-json-stable-stringify/v/2.1.0,NPM,MIT
fast-levenshtein,2.0.6,https://www.npmjs.com/package/fast-levenshtein/v/2.0.6,NPM,MIT
fdir,6.5.0,https://www.npmjs.com/package/fdir/v/6.5.0,NPM,MIT
file-entry-cache,8.0.0,https://www.npmjs.com/package/file-entry-cache/v/8.0.0,NPM,MIT
file-saver,2.0.5,https://www.npmjs.com/package/file-saver/v/2.0.5,NPM,MIT
find-up,5.0.0,https://www.npmjs.com/package/find-up/v/5.0.0,NPM,MIT
flat-cache,4.0.1,https://www.npmjs.com/package/flat-cache/v/4.0.1,NPM,MIT
flatted,3.4.4,https://www.npmjs.com/package/flatted/v/3.4.4,NPM,ISC
follow-redirects,1.16.0,https://www.npmjs.com/package/follow-redirects/v/1.16.0,NPM,MIT
foreground-child,3.3.1,https://www.npmjs.com/package/foreground-child/v/3.3.1,NPM,ISC
form-data,4.0.6,https://www.npmjs.com/package/form-data/v/4.0.6,NPM,MIT
fs-extra,10.1.0,https://www.npmjs.com/package/fs-extra/v/10.1.0,NPM,MIT
fs.realpath,1.0.0,https://www.npmjs.com/package/fs.realpath/v/1.0.0,NPM,ISC
function-bind,1.1.2,https://www.npmjs.com/package/function-bind/v/1.1.2,NPM,MIT
fuse.js,7.5.0,https://www.npmjs.com/package/fuse.js/v/7.5.0,NPM,Apache-2.0
get-caller-file,2.0.5,https://www.npmjs.com/package/get-caller-file/v/2.0.5,NPM,ISC
get-east-asian-width,1.6.0,https://www.npmjs.com/package/get-east-asian-width/v/1.6.0,NPM,MIT
get-intrinsic,1.3.0,https://www.npmjs.com/package/get-intrinsic/v/1.3.0,NPM,MIT
get-proto,1.0.1,https://www.npmjs.com/package/get-proto/v/1.0.1,NPM,MIT
glob-parent,6.0.2,https://www.npmjs.com/package/glob-parent/v/6.0.2,NPM,ISC
glob,10.5.0,https://www.npmjs.com/package/glob/v/10.5.0,NPM,ISC
glob,8.1.0,https://www.npmjs.com/package/glob/v/8.1.0,NPM,ISC
globals,17.11.0,https://www.npmjs.com/package/globals/v/17.11.0,NPM,MIT
globrex,0.1.2,https://www.npmjs.com/package/globrex/v/0.1.2,NPM,MIT
gopd,1.2.0,https://www.npmjs.com/package/gopd/v/1.2.0,NPM,MIT
graceful-fs,4.2.11,https://www.npmjs.com/package/graceful-fs/v/4.2.11,NPM,ISC
happy-dom,20.11.2,https://www.npmjs.com/package/happy-dom/v/20.11.2,NPM,MIT
has-flag,4.0.0,https://www.npmjs.com/package/has-flag/v/4.0.0,NPM,MIT
has-symbols,1.1.0,https://www.npmjs.com/package/has-symbols/v/1.1.0,NPM,MIT
has-tostringtag,1.0.2,https://www.npmjs.com/package/has-tostringtag/v/1.0.2,NPM,MIT
hasown,2.0.4,https://www.npmjs.com/package/hasown/v/2.0.4,NPM,MIT
hookable,5.5.3,https://www.npmjs.com/package/hookable/v/5.5.3,NPM,MIT
https-proxy-agent,5.0.1,https://www.npmjs.com/package/https-proxy-agent/v/5.0.1,NPM,MIT
iconv-lite,0.4.24,https://www.npmjs.com/package/iconv-lite/v/0.4.24,NPM,MIT
iconv-lite,0.6.3,https://www.npmjs.com/package/iconv-lite/v/0.6.3,NPM,MIT
ignore,5.3.2,https://www.npmjs.com/package/ignore/v/5.3.2,NPM,MIT
ignore,7.0.6,https://www.npmjs.com/package/ignore/v/7.0.6,NPM,MIT
imurmurhash,0.1.4,https://www.npmjs.com/package/imurmurhash/v/0.1.4,NPM,MIT
inflight,1.0.6,https://www.npmjs.com/package/inflight/v/1.0.6,NPM,ISC
inherits,2.0.4,https://www.npmjs.com/package/inherits/v/2.0.4,NPM,ISC
ini,1.3.8,https://www.npmjs.com/package/ini/v/1.3.8,NPM,ISC
is-docker,3.0.0,https://www.npmjs.com/package/is-docker/v/3.0.0,NPM,MIT
is-extglob,2.1.1,https://www.npmjs.com/package/is-extglob/v/2.1.1,NPM,MIT
is-fullwidth-code-point,3.0.0,https://www.npmjs.com/package/is-fullwidth-code-point/v/3.0.0,NPM,MIT
is-glob,4.0.3,https://www.npmjs.com/package/is-glob/v/4.0.3,NPM,MIT
is-in-ssh,1.0.0,https://www.npmjs.com/package/is-in-ssh/v/1.0.0,NPM,MIT
is-inside-container,1.0.0,https://www.npmjs.com/package/is-inside-container/v/1.0.0,NPM,MIT
is-what,4.1.16,https://www.npmjs.com/package/is-what/v/4.1.16,NPM,MIT
is-what,5.5.0,https://www.npmjs.com/package/is-what/v/5.5.0,NPM,MIT
is-wsl,3.1.1,https://www.npmjs.com/package/is-wsl/v/3.1.1,NPM,MIT
isexe,2.0.0,https://www.npmjs.com/package/isexe/v/2.0.0,NPM,ISC
isexe,4.0.0,https://www.npmjs.com/package/isexe/v/4.0.0,NPM,BlueOak-1.0.0
jackspeak,3.4.3,https://www.npmjs.com/package/jackspeak/v/3.4.3,NPM,BlueOak-1.0.0
js-beautify,1.15.4,https://www.npmjs.com/package/js-beautify/v/1.15.4,NPM,MIT
js-cookie,3.0.8,https://www.npmjs.com/package/js-cookie/v/3.0.8,NPM,MIT
js-tokens,10.0.0,https://www.npmjs.com/package/js-tokens/v/10.0.0,NPM,MIT
js-yaml,5.4.0,https://www.npmjs.com/package/js-yaml/v/5.4.0,NPM,MIT
js2xmlparser,4.0.2,https://www.npmjs.com/package/js2xmlparser/v/4.0.2,NPM,Apache-2.0
jsdoc,4.0.5,https://www.npmjs.com/package/jsdoc/v/4.0.5,NPM,Apache-2.0
jsesc,3.1.0,https://www.npmjs.com/package/jsesc/v/3.1.0,NPM,MIT
json-buffer,3.0.1,https://www.npmjs.com/package/json-buffer/v/3.0.1,NPM,MIT
json-parse-even-better-errors,6.0.0,https://www.npmjs.com/package/json-parse-even-better-errors/v/6.0.0,NPM,MIT
json-schema-traverse,0.4.1,https://www.npmjs.com/package/json-schema-traverse/v/0.4.1,NPM,MIT
json-stable-stringify-without-jsonify,1.0.1,https://www.npmjs.com/package/json-stable-stringify-without-jsonify/v/1.0.1,NPM,MIT
json5,2.2.3,https://www.npmjs.com/package/json5/v/2.2.3,NPM,MIT
jsonfile,6.2.1,https://www.npmjs.com/package/jsonfile/v/6.2.1,NPM,MIT
keyv,4.5.4,https://www.npmjs.com/package/keyv/v/4.5.4,NPM,MIT
klaw,3.0.0,https://www.npmjs.com/package/klaw/v/3.0.0,NPM,MIT
less,4.9.0,https://www.npmjs.com/package/less/v/4.9.0,NPM,Apache-2.0
levn,0.4.1,https://www.npmjs.com/package/levn/v/0.4.1,NPM,MIT
lightningcss-linux-x64-gnu,1.33.0,https://www.npmjs.com/package/lightningcss-linux-x64-gnu/v/1.33.0,NPM,MPL-2.0
lightningcss,1.33.0,https://www.npmjs.com/package/lightningcss/v/1.33.0,NPM,MPL-2.0
linkify-it,5.0.2,https://www.npmjs.com/package/linkify-it/v/5.0.2,NPM,MIT
local-pkg,1.2.1,https://www.npmjs.com/package/local-pkg/v/1.2.1,NPM,MIT
locate-path,6.0.0,https://www.npmjs.com/package/locate-path/v/6.0.0,NPM,MIT
lodash.merge,4.6.2,https://www.npmjs.com/package/lodash.merge/v/4.6.2,NPM,MIT
lodash,4.18.1,https://www.npmjs.com/package/lodash/v/4.18.1,NPM,MIT
long,5.3.2,https://www.npmjs.com/package/long/v/5.3.2,NPM,Apache-2.0
lru-cache,10.4.3,https://www.npmjs.com/package/lru-cache/v/10.4.3,NPM,ISC
magic-string-ast,1.0.3,https://www.npmjs.com/package/magic-string-ast/v/1.0.3,NPM,MIT
magic-string,0.30.21,https://www.npmjs.com/package/magic-string/v/0.30.21,NPM,MIT
magic-string,1.2.0,https://www.npmjs.com/package/magic-string/v/1.2.0,NPM,MIT
make-dir,5.1.0,https://www.npmjs.com/package/make-dir/v/5.1.0,NPM,MIT
markdown-it-anchor,8.6.7,https://www.npmjs.com/package/markdown-it-anchor/v/8.6.7,NPM,Unlicense
markdown-it,14.3.0,https://www.npmjs.com/package/markdown-it/v/14.3.0,NPM,MIT
marked,4.3.0,https://www.npmjs.com/package/marked/v/4.3.0,NPM,MIT
math-intrinsics,1.1.0,https://www.npmjs.com/package/math-intrinsics/v/1.1.0,NPM,MIT
mdn-data,2.0.28,https://www.npmjs.com/package/mdn-data/v/2.0.28,NPM,CC0-1.0
mdn-data,2.0.30,https://www.npmjs.com/package/mdn-data/v/2.0.30,NPM,CC0-1.0
mdurl,2.1.0,https://www.npmjs.com/package/mdurl/v/2.1.0,NPM,MIT
memorystream,0.3.1,https://www.npmjs.com/package/memorystream/v/0.3.1,NPM,UNKNOWN
mime-db,1.52.0,https://www.npmjs.com/package/mime-db/v/1.52.0,NPM,MIT
mime-types,2.1.35,https://www.npmjs.com/package/mime-types/v/2.1.35,NPM,MIT
mime,1.6.0,https://www.npmjs.com/package/mime/v/1.6.0,NPM,MIT
minimatch,10.2.6,https://www.npmjs.com/package/minimatch/v/10.2.6,NPM,BlueOak-1.0.0
minimatch,5.1.9,https://www.npmjs.com/package/minimatch/v/5.1.9,NPM,ISC
minimatch,9.0.9,https://www.npmjs.com/package/minimatch/v/9.0.9,NPM,ISC
minimist,1.2.8,https://www.npmjs.com/package/minimist/v/1.2.8,NPM,MIT
minipass,7.1.3,https://www.npmjs.com/package/minipass/v/7.1.3,NPM,BlueOak-1.0.0
mitt,3.0.1,https://www.npmjs.com/package/mitt/v/3.0.1,NPM,MIT
mkdirp,1.0.4,https://www.npmjs.com/package/mkdirp/v/1.0.4,NPM,MIT
mlly,1.8.2,https://www.npmjs.com/package/mlly/v/1.8.2,NPM,MIT
ms,2.0.0,https://www.npmjs.com/package/ms/v/2.0.0,NPM,MIT
ms,2.1.3,https://www.npmjs.com/package/ms/v/2.1.3,NPM,MIT
muggle-string,0.4.1,https://www.npmjs.com/package/muggle-string/v/0.4.1,NPM,MIT
nanoid,3.3.18,https://www.npmjs.com/package/nanoid/v/3.3.18,NPM,MIT
natural-compare,1.4.0,https://www.npmjs.com/package/natural-compare/v/1.4.0,NPM,MIT
needle,2.9.1,https://www.npmjs.com/package/needle/v/2.9.1,NPM,MIT
needle,3.5.0,https://www.npmjs.com/package/needle/v/3.5.0,NPM,MIT
nopt,7.2.1,https://www.npmjs.com/package/nopt/v/7.2.1,NPM,ISC
nostics,1.2.0,https://www.npmjs.com/package/nostics/v/1.2.0,NPM,MIT
npm-normalize-package-bin,6.0.0,https://www.npmjs.com/package/npm-normalize-package-bin/v/6.0.0,NPM,ISC
npm-run-all2,9.0.3,https://www.npmjs.com/package/npm-run-all2/v/9.0.3,NPM,MIT
nth-check,2.1.1,https://www.npmjs.com/package/nth-check/v/2.1.1,NPM,BSD-2-Clause
obug,2.1.4,https://www.npmjs.com/package/obug/v/2.1.4,NPM,MIT
once,1.4.0,https://www.npmjs.com/package/once/v/1.4.0,NPM,ISC
open,11.0.1,https://www.npmjs.com/package/open/v/11.0.1,NPM,MIT
optionator,0.9.4,https://www.npmjs.com/package/optionator/v/0.9.4,NPM,MIT
p-limit,3.1.0,https://www.npmjs.com/package/p-limit/v/3.1.0,NPM,MIT
p-locate,5.0.0,https://www.npmjs.com/package/p-locate/v/5.0.0,NPM,MIT
package-json-from-dist,1.0.1,https://www.npmjs.com/package/package-json-from-dist/v/1.0.1,NPM,BlueOak-1.0.0
parse-node-version,1.0.1,https://www.npmjs.com/package/parse-node-version/v/1.0.1,NPM,MIT
path-browserify,1.0.1,https://www.npmjs.com/package/path-browserify/v/1.0.1,NPM,MIT
path-exists,4.0.0,https://www.npmjs.com/package/path-exists/v/4.0.0,NPM,MIT
path-key,3.1.1,https://www.npmjs.com/package/path-key/v/3.1.1,NPM,MIT
path-scurry,1.11.1,https://www.npmjs.com/package/path-scurry/v/1.11.1,NPM,BlueOak-1.0.0
pathe,2.0.3,https://www.npmjs.com/package/pathe/v/2.0.3,NPM,MIT
perfect-debounce,1.0.0,https://www.npmjs.com/package/perfect-debounce/v/1.0.0,NPM,MIT
perfect-debounce,2.1.0,https://www.npmjs.com/package/perfect-debounce/v/2.1.0,NPM,MIT
picocolors,1.1.1,https://www.npmjs.com/package/picocolors/v/1.1.1,NPM,ISC
picomatch,4.0.5,https://www.npmjs.com/package/picomatch/v/4.0.5,NPM,MIT
pidtree,1.0.0,https://www.npmjs.com/package/pidtree/v/1.0.0,NPM,MIT
pinia,4.0.3,https://www.npmjs.com/package/pinia/v/4.0.3,NPM,MIT
pkg-types,1.3.1,https://www.npmjs.com/package/pkg-types/v/1.3.1,NPM,MIT
pkg-types,2.3.1,https://www.npmjs.com/package/pkg-types/v/2.3.1,NPM,MIT
playwright-core,1.62.1,https://www.npmjs.com/package/playwright-core/v/1.62.1,NPM,Apache-2.0
playwright,1.62.1,https://www.npmjs.com/package/playwright/v/1.62.1,NPM,Apache-2.0
postcss-selector-parser,7.1.5,https://www.npmjs.com/package/postcss-selector-parser/v/7.1.5,NPM,MIT
postcss,8.5.26,https://www.npmjs.com/package/postcss/v/8.5.26,NPM,MIT
powershell-utils,0.1.0,https://www.npmjs.com/package/powershell-utils/v/0.1.0,NPM,MIT
powershell-utils,0.2.0,https://www.npmjs.com/package/powershell-utils/v/0.2.0,NPM,MIT
prelude-ls,1.2.1,https://www.npmjs.com/package/prelude-ls/v/1.2.1,NPM,MIT
prettier,3.9.6,https://www.npmjs.com/package/prettier/v/3.9.6,NPM,MIT
probe-image-size,7.4.0,https://www.npmjs.com/package/probe-image-size/v/7.4.0,NPM,MIT
proto-list,1.2.4,https://www.npmjs.com/package/proto-list/v/1.2.4,NPM,ISC
protobufjs-cli,2.6.2,https://www.npmjs.com/package/protobufjs-cli/v/2.6.2,NPM,BSD-3-Clause
protobufjs,8.7.2,https://www.npmjs.com/package/protobufjs/v/8.7.2,NPM,BSD-3-Clause
proxy-from-env,2.1.0,https://www.npmjs.com/package/proxy-from-env/v/2.1.0,NPM,MIT
prr,1.0.1,https://www.npmjs.com/package/prr/v/1.0.1,NPM,MIT
punycode.js,2.3.1,https://www.npmjs.com/package/punycode.js/v/2.3.1,NPM,MIT
punycode,2.3.1,https://www.npmjs.com/package/punycode/v/2.3.1,NPM,MIT
quansync,0.2.11,https://www.npmjs.com/package/quansync/v/0.2.11,NPM,MIT
read-package-json-fast,6.0.0,https://www.npmjs.com/package/read-package-json-fast/v/6.0.0,NPM,ISC
readdirp,5.1.1,https://www.npmjs.com/package/readdirp/v/5.1.1,NPM,MIT
requizzle,0.2.4,https://www.npmjs.com/package/requizzle/v/0.2.4,NPM,MIT
rfdc,1.4.1,https://www.npmjs.com/package/rfdc/v/1.4.1,NPM,MIT
rolldown,1.2.4,https://www.npmjs.com/package/rolldown/v/1.2.4,NPM,MIT
rollup-plugin-visualizer,7.1.1,https://www.npmjs.com/package/rollup-plugin-visualizer/v/7.1.1,NPM,MIT
run-applescript,7.1.0,https://www.npmjs.com/package/run-applescript/v/7.1.0,NPM,MIT
safer-buffer,2.1.2,https://www.npmjs.com/package/safer-buffer/v/2.1.2,NPM,MIT
sax,1.6.1,https://www.npmjs.com/package/sax/v/1.6.1,NPM,BlueOak-1.0.0
scule,1.3.0,https://www.npmjs.com/package/scule/v/1.3.0,NPM,MIT
semver,7.8.5,https://www.npmjs.com/package/semver/v/7.8.5,NPM,ISC
shebang-command,2.0.0,https://www.npmjs.com/package/shebang-command/v/2.0.0,NPM,MIT
shebang-regex,3.0.0,https://www.npmjs.com/package/shebang-regex/v/3.0.0,NPM,MIT
shell-quote,1.10.0,https://www.npmjs.com/package/shell-quote/v/1.10.0,NPM,MIT
siginfo,2.0.0,https://www.npmjs.com/package/siginfo/v/2.0.0,NPM,ISC
signal-exit,4.1.0,https://www.npmjs.com/package/signal-exit/v/4.1.0,NPM,ISC
socket.io-client,4.8.3,https://www.npmjs.com/package/socket.io-client/v/4.8.3,NPM,MIT
socket.io-parser,4.2.7,https://www.npmjs.com/package/socket.io-parser/v/4.2.7,NPM,MIT
source-map-js,1.2.1,https://www.npmjs.com/package/source-map-js/v/1.2.1,NPM,BSD-3-Clause
source-map,0.6.1,https://www.npmjs.com/package/source-map/v/0.6.1,NPM,BSD-3-Clause
source-map,0.8.0,https://www.npmjs.com/package/source-map/v/0.8.0,NPM,BSD-3-Clause
speakingurl,14.0.1,https://www.npmjs.com/package/speakingurl/v/14.0.1,NPM,BSD-3-Clause
stackback,0.0.2,https://www.npmjs.com/package/stackback/v/0.0.2,NPM,MIT
std-env,4.2.0,https://www.npmjs.com/package/std-env/v/4.2.0,NPM,MIT
stream-parser,0.3.1,https://www.npmjs.com/package/stream-parser/v/0.3.1,NPM,MIT
string-width,4.2.3,https://www.npmjs.com/package/string-width/v/4.2.3,NPM,MIT
string-width,5.1.2,https://www.npmjs.com/package/string-width/v/5.1.2,NPM,MIT
string-width,7.2.0,https://www.npmjs.com/package/string-width/v/7.2.0,NPM,MIT
string-width,8.2.2,https://www.npmjs.com/package/string-width/v/8.2.2,NPM,MIT
strip-ansi,6.0.1,https://www.npmjs.com/package/strip-ansi/v/6.0.1,NPM,MIT
strip-ansi,7.2.0,https://www.npmjs.com/package/strip-ansi/v/7.2.0,NPM,MIT
strip-json-comments,3.1.1,https://www.npmjs.com/package/strip-json-comments/v/3.1.1,NPM,MIT
strip-literal,4.0.0,https://www.npmjs.com/package/strip-literal/v/4.0.0,NPM,MIT
superjson,2.2.6,https://www.npmjs.com/package/superjson/v/2.2.6,NPM,MIT
supports-color,7.2.0,https://www.npmjs.com/package/supports-color/v/7.2.0,NPM,MIT
svgo,3.3.4,https://www.npmjs.com/package/svgo/v/3.3.4,NPM,MIT
tailwindcss,4.3.3,https://www.npmjs.com/package/tailwindcss/v/4.3.3,NPM,MIT
tinybench,2.9.0,https://www.npmjs.com/package/tinybench/v/2.9.0,NPM,MIT
tinyexec,1.3.0,https://www.npmjs.com/package/tinyexec/v/1.3.0,NPM,MIT
tinyglobby,0.2.17,https://www.npmjs.com/package/tinyglobby/v/0.2.17,NPM,MIT
tinyrainbow,3.1.1,https://www.npmjs.com/package/tinyrainbow/v/3.1.1,NPM,MIT
tmp,0.2.7,https://www.npmjs.com/package/tmp/v/0.2.7,NPM,MIT
ts-api-utils,2.5.0,https://www.npmjs.com/package/ts-api-utils/v/2.5.0,NPM,MIT
ts-poet,6.12.0,https://www.npmjs.com/package/ts-poet/v/6.12.0,NPM,Apache-2.0
ts-proto-descriptors,2.1.0,https://www.npmjs.com/package/ts-proto-descriptors/v/2.1.0,NPM,ISC
ts-proto,2.13.0,https://www.npmjs.com/package/ts-proto/v/2.13.0,NPM,ISC
tsconfck,3.1.6,https://www.npmjs.com/package/tsconfck/v/3.1.6,NPM,MIT
type-check,0.4.0,https://www.npmjs.com/package/type-check/v/0.4.0,NPM,MIT
type-fest,4.41.0,https://www.npmjs.com/package/type-fest/v/4.41.0,NPM,(MIT OR CC0-1.0)
typescript-eslint,8.67.0,https://www.npmjs.com/package/typescript-eslint/v/8.67.0,NPM,MIT
typescript,6.0.3,https://www.npmjs.com/package/typescript/v/6.0.3,NPM,Apache-2.0
uc.micro,2.1.0,https://www.npmjs.com/package/uc.micro/v/2.1.0,NPM,MIT
ufo,1.6.4,https://www.npmjs.com/package/ufo/v/1.6.4,NPM,MIT
underscore,1.13.8,https://www.npmjs.com/package/underscore/v/1.13.8,NPM,MIT
undici-types,6.21.0,https://www.npmjs.com/package/undici-types/v/6.21.0,NPM,MIT
unimport,6.4.0,https://www.npmjs.com/package/unimport/v/6.4.0,NPM,MIT
universalify,2.0.1,https://www.npmjs.com/package/universalify/v/2.0.1,NPM,MIT
unplugin-auto-import,21.1.0,https://www.npmjs.com/package/unplugin-auto-import/v/21.1.0,NPM,MIT
unplugin-utils,0.3.2,https://www.npmjs.com/package/unplugin-utils/v/0.3.2,NPM,MIT
unplugin-vue-components,32.1.0,https://www.npmjs.com/package/unplugin-vue-components/v/32.1.0,NPM,MIT
unplugin,3.3.0,https://www.npmjs.com/package/unplugin/v/3.3.0,NPM,MIT
upath,2.0.1,https://www.npmjs.com/package/upath/v/2.0.1,NPM,MIT
uri-js,4.4.1,https://www.npmjs.com/package/uri-js/v/4.4.1,NPM,BSD-2-Clause
util-deprecate,1.0.2,https://www.npmjs.com/package/util-deprecate/v/1.0.2,NPM,MIT
uuid,14.0.1,https://www.npmjs.com/package/uuid/v/14.0.1,NPM,MIT
validator,13.15.35,https://www.npmjs.com/package/validator/v/13.15.35,NPM,MIT
vee-validate,4.15.1,https://www.npmjs.com/package/vee-validate/v/4.15.1,NPM,MIT
vite-plugin-compression,0.5.1,https://www.npmjs.com/package/vite-plugin-compression/v/0.5.1,NPM,MIT
vite-plugin-vuetify,2.1.3,https://www.npmjs.com/package/vite-plugin-vuetify/v/2.1.3,NPM,MIT
vite-svg-loader,5.1.1,https://www.npmjs.com/package/vite-svg-loader/v/5.1.1,NPM,MIT
vite-tsconfig-paths,6.1.1,https://www.npmjs.com/package/vite-tsconfig-paths/v/6.1.1,NPM,MIT
vite,8.2.1,https://www.npmjs.com/package/vite/v/8.2.1,NPM,MIT
vitest,4.1.10,https://www.npmjs.com/package/vitest/v/4.1.10,NPM,MIT
vscode-uri,3.1.0,https://www.npmjs.com/package/vscode-uri/v/3.1.0,NPM,MIT
vue-chartjs,5.3.4,https://www.npmjs.com/package/vue-chartjs/v/5.3.4,NPM,MIT
vue-component-type-helpers,3.3.10,https://www.npmjs.com/package/vue-component-type-helpers/v/3.3.10,NPM,MIT
vue-eslint-parser,10.4.1,https://www.npmjs.com/package/vue-eslint-parser/v/10.4.1,NPM,MIT
vue-router,5.2.0,https://www.npmjs.com/package/vue-router/v/5.2.0,NPM,MIT
vue-tsc,3.3.10,https://www.npmjs.com/package/vue-tsc/v/3.3.10,NPM,MIT
vue,3.5.41,https://www.npmjs.com/package/vue/v/3.5.41,NPM,MIT
vuetify,4.1.9,https://www.npmjs.com/package/vuetify/v/4.1.9,NPM,MIT
webpack-virtual-modules,0.6.2,https://www.npmjs.com/package/webpack-virtual-modules/v/0.6.2,NPM,MIT
whatwg-mimetype,3.0.0,https://www.npmjs.com/package/whatwg-mimetype/v/3.0.0,NPM,MIT
which,2.0.2,https://www.npmjs.com/package/which/v/2.0.2,NPM,ISC
which,7.0.0,https://www.npmjs.com/package/which/v/7.0.0,NPM,ISC
why-is-node-running,2.3.0,https://www.npmjs.com/package/why-is-node-running/v/2.3.0,NPM,MIT
word-wrap,1.2.5,https://www.npmjs.com/package/word-wrap/v/1.2.5,NPM,MIT
wrap-ansi,7.0.0,https://www.npmjs.com/package/wrap-ansi/v/7.0.0,NPM,MIT
wrap-ansi,8.1.0,https://www.npmjs.com/package/wrap-ansi/v/8.1.0,NPM,MIT
wrap-ansi,9.0.2,https://www.npmjs.com/package/wrap-ansi/v/9.0.2,NPM,MIT
wrappy,1.0.2,https://www.npmjs.com/package/wrappy/v/1.0.2,NPM,ISC
ws,8.21.3,https://www.npmjs.com/package/ws/v/8.21.3,NPM,MIT
wsl-utils,1.0.0,https://www.npmjs.com/package/wsl-utils/v/1.0.0,NPM,MIT
xml-name-validator,5.0.0,https://www.npmjs.com/package/xml-name-validator/v/5.0.0,NPM,Apache-2.0
xmlcreate,2.0.4,https://www.npmjs.com/package/xmlcreate/v/2.0.4,NPM,Apache-2.0
xmlhttprequest-ssl,2.1.2,https://www.npmjs.com/package/xmlhttprequest-ssl/v/2.1.2,NPM,UNKNOWN
y18n,5.0.8,https://www.npmjs.com/package/y18n/v/5.0.8,NPM,ISC
yaml,2.9.0,https://www.npmjs.com/package/yaml/v/2.9.0,NPM,ISC
yargs-parser,22.0.0,https://www.npmjs.com/package/yargs-parser/v/22.0.0,NPM,ISC
yargs,18.1.0,https://www.npmjs.com/package/yargs/v/18.1.0,NPM,MIT
yocto-queue,0.1.0,https://www.npmjs.com/package/yocto-queue/v/0.1.0,NPM,MIT
zod,4.4.3,https://www.npmjs.com/package/zod/v/4.4.3,NPM,MIT
